country,Year,gdppercapita_us_inflation_adjusted,internet_users,sg_law_indx
Angola,1990,2640,0,56.3
Angola,1991,2400,0.0,56.3
Angola,1992,1770,0.0,56.3
Angola,1993,1730,0.0,56.3
Angola,1994,1930,0,56.3
Angola,1995,2120,0.00078,56.3
Angola,1996,2210,0.0056700000000000006,56.3
Angola,1997,2240,0.0185,56.3
Angola,1998,2210,0.07200000000000001,56.3
Angola,1999,2210,0.105,62.5
Angola,2000,2220,0.136,62.5
Albania,1990,1330,0,59.4
Albania,1991,1240,0.0,59.4
Albania,1992,1370,0.0,65.0
Albania,1993,1490,0.0,65.0
Albania,1994,1700,0.0112,65.0
Albania,1995,1870,0.0322,80.0
Albania,1996,1680,0.0486,80.0
Albania,1997,1840,0.065,80.0
Albania,1998,2090,0.0814,80.0
Albania,1999,2240,0.114,80.0
Albania,2000,2450,0.326,80.0
United Arab Emirates,1990,65.5k,0,17.5
United Arab Emirates,1991,63.9k,0.0,17.5
United Arab Emirates,1992,61.1k,0.0,17.5
United Arab Emirates,1993,61.8k,0.0,17.5
United Arab Emirates,1994,62.7k,0.103,17.5
United Arab Emirates,1995,63.1k,0.375,17.5
United Arab Emirates,1996,64.9k,3.3,17.5
United Arab Emirates,1997,61.8k,6.91,17.5
United Arab Emirates,1998,60.3k,14.9,26.9
United Arab Emirates,1999,63.3k,23.6,26.9
United Arab Emirates,2000,60.9k,26.3,26.9
Argentina,1990,6720,0,59.4
Argentina,1991,7160,0.00299,62.5
Argentina,1992,7640,0.0295,62.5
Argentina,1993,7990,0.0437,62.5
Argentina,1994,7670,0.0863,65.0
Argentina,1995,7990,0.142,65.0
Argentina,1996,8540,0.28,65.0
Argentina,1997,8770,0.831,65.0
Argentina,1998,8380,3.28,65.0
Argentina,1999,8220,7.04,65.0
Argentina,2000,7780,9.78,65.0
Armenia,1990,1600,0,55.6
Armenia,1991,948,0.0,55.6
Armenia,1992,885,0.0,55.6
Armenia,1993,956,0.00912,55.6
Armenia,1994,1040,0.0527,55.6
Armenia,1995,1120,0.0946,58.8
Armenia,1996,1170,0.11199999999999999,58.8
Armenia,1997,1270,0.129,58.8
Armenia,1998,1320,0.971,58.8
Armenia,1999,1400,1.3,58.8
Armenia,2000,1550,1.63,58.8
Antigua and Barbuda,1990,11.2k,0,63.8
Antigua and Barbuda,1991,11.1k,0.0,63.8
Antigua and Barbuda,1992,11.5k,0.0,63.8
Antigua and Barbuda,1993,12k,0.0,63.8
Antigua and Barbuda,1994,11.2k,2.2,63.8
Antigua and Barbuda,1995,11.7k,2.86,63.8
Antigua and Barbuda,1996,12.1k,3.48,63.8
Antigua and Barbuda,1997,12.4k,4.07,63.8
Antigua and Barbuda,1998,12.6k,5.3,66.3
Antigua and Barbuda,1999,13.1k,6.48,66.3
Antigua and Barbuda,2000,12.3k,8.9,66.3
Australia,1990,35.3k,1.1,75.0
Australia,1991,35k,1.77,75.0
Australia,1992,36.1k,1.97,75.0
Australia,1993,37.1k,2.23,75.0
Australia,1994,38.1k,2.76,75.0
Australia,1995,39.1k,3.28,75.0
Australia,1996,40.2k,16.4,81.3
Australia,1997,41.6k,30.8,81.3
Australia,1998,43.2k,40.8,81.3
Australia,1999,44.3k,46.8,81.3
Australia,2000,44.6k,52.7,81.3
Austria,1990,34.7k,0.259,73.1
Austria,1991,35k,0.643,73.1
Austria,1992,34.9k,0.765,76.3
Austria,1993,35.6k,1.39,76.3
Austria,1994,36.5k,1.89,76.3
Austria,1995,37.3k,6.91,76.3
Austria,1996,38.1k,9.53,78.8
Austria,1997,39.4k,15.4,78.8
Austria,1998,40.7k,23.0,78.8
Austria,1999,42k,33.7,78.8
Austria,2000,42.4k,39.2,78.8
Azerbaijan,1990,3100,0,61.3
Azerbaijan,1991,2360,0.0,61.3
Azerbaijan,1992,1790,0.0,64.4
Azerbaijan,1993,1420,0.00143,64.4
Azerbaijan,1994,1240,0.00206,64.4
Azerbaijan,1995,1240,0.00635,64.4
Azerbaijan,1996,1300,0.0252,64.4
Azerbaijan,1997,1410,0.0375,64.4
Azerbaijan,1998,1510,0.0992,64.4
Azerbaijan,1999,1660,0.14800000000000002,66.9
Azerbaijan,2000,1810,0.306,66.9
Burundi,1990,337,0,47.5
Burundi,1991,333,0.0,47.5
Burundi,1992,306,0.0,58.8
Burundi,1993,289,0.0,64.4
Burundi,1994,262,0,64.4
Burundi,1995,238,0.0008,64.4
Burundi,1996,232,0.00798,64.4
Burundi,1997,241,0.0158,64.4
Burundi,1998,235,0.0392,64.4
Burundi,1999,229,0.0772,64.4
Burundi,2000,229,0.106,64.4
Belgium,1990,33.1k,0.0201,61.3
Belgium,1991,33.5k,0.1,61.3
Belgium,1992,33.1k,0.19899999999999998,61.3
Belgium,1993,34k,0.696,61.3
Belgium,1994,34.8k,0.992,63.8
Belgium,1995,35.2k,2.97,63.8
Belgium,1996,36.4k,4.94,70.0
Belgium,1997,37k,7.89,72.5
Belgium,1998,38.3k,13.8,75.6
Belgium,1999,39.6k,29.4,75.6
Belgium,2000,39.9k,31.3,75.6
Benin,1990,840,0,40.0
Benin,1991,835,0.0,40.0
Benin,1992,854,0.0,40.0
Benin,1993,842,0.0,40.0
Benin,1994,863,0,40.0
Benin,1995,873,0.0016899999999999999,40.0
Benin,1996,895,0.0246,40.0
Benin,1997,904,0.0479,49.4
Benin,1998,924,0.155,49.4
Benin,1999,950,0.225,49.4
Benin,2000,971,0.363,49.4
Burkina Faso,1990,408,0,61.9
Burkina Faso,1991,398,0.0,61.9
Burkina Faso,1992,401,0.0,70.6
Burkina Faso,1993,395,0.0,70.6
Burkina Faso,1994,406,0,70.6
Burkina Faso,1995,439,0.0009599999999999999,70.6
Burkina Faso,1996,454,0.0187,70.6
Burkina Faso,1997,473,0.0454,70.6
Burkina Faso,1998,494,0.0618,70.6
Burkina Faso,1999,489,0.0771,70.6
Burkina Faso,2000,507,0.158,70.6
Bulgaria,1990,4360,0,68.1
Bulgaria,1991,4090,0.0,68.1
Bulgaria,1992,4060,0.00234,68.1
Bulgaria,1993,4150,0.0195,68.1
Bulgaria,1994,4280,0.12,68.1
Bulgaria,1995,4530,0.725,68.1
Bulgaria,1996,3910,1.22,68.1
Bulgaria,1997,4100,1.84,68.1
Bulgaria,1998,3780,2.91,68.1
Bulgaria,1999,3980,5.37,68.1
Bulgaria,2000,4220,7.61,73.8
Bahrain,1990,19.4k,0,26.3
Bahrain,1991,20.2k,0.0,26.3
Bahrain,1992,22.2k,0.0,26.3
Bahrain,1993,21.6k,0.0,28.8
Bahrain,1994,21.9k,0.346,28.8
Bahrain,1995,22.2k,0.843,28.8
Bahrain,1996,22.3k,1.65,28.8
Bahrain,1997,22.6k,3.22,28.8
Bahrain,1998,22.8k,4.72,28.8
Bahrain,1999,23k,6.15,28.8
Bahrain,2000,22.4k,15.0,28.8
Bahamas,1990,27.9k,0,64.4
Bahamas,1991,26.3k,0.0,73.1
Bahamas,1992,25.9k,0.0,73.1
Bahamas,1993,26.3k,0.0,73.1
Bahamas,1994,27k,0.96,73.1
Bahamas,1995,27.8k,1.75,73.1
Bahamas,1996,29.3k,1.36,73.1
Bahamas,1997,27.7k,2.34,73.1
Bahamas,1998,30.7k,3.76,73.1
Bahamas,1999,31.6k,8.0,73.1
Bahamas,2000,31.9k,11.8,73.1
Belarus,1990,3060,0,58.1
Belarus,1991,2760,0.0,61.3
Belarus,1992,2550,0.0,61.3
Belarus,1993,2250,0.00049,63.8
Belarus,1994,2020,0.00292,70.0
Belarus,1995,2090,0.0293,70.0
Belarus,1996,2340,0.049,70.0
Belarus,1997,2540,0.0739,70.0
Belarus,1998,2640,0.495,70.0
Belarus,1999,2810,1.86,73.1
Belarus,2000,2960,4.3,73.1
Bolivia,1990,1400,0,56.3
Bolivia,1991,1390,0.0,56.3
Bolivia,1992,1420,0.0,56.3
Bolivia,1993,1460,0.0,56.3
Bolivia,1994,1490,0.0668,56.3
Bolivia,1995,1530,0.196,58.8
Bolivia,1996,1570,0.44799999999999995,58.8
Bolivia,1997,1620,0.626,58.8
Bolivia,1998,1590,0.982,58.8
Bolivia,1999,1600,1.44,58.8
Bolivia,2000,1600,2.12,58.8
Brazil,1990,7960,0.00329,50.6
Brazil,1991,7790,0.0129,50.6
Brazil,1992,8020,0.0255,50.6
Brazil,1993,8310,0.0377,50.6
Brazil,1994,8540,0.105,50.6
Brazil,1995,8590,0.451,50.6
Brazil,1996,8740,0.7859999999999999,50.6
Brazil,1997,8640,1.48,50.6
Brazil,1998,8550,2.04,56.9
Brazil,1999,8800,2.87,56.9
Brazil,2000,8800,4.53,63.1
Barbados,1990,13.8k,0,68.1
Barbados,1991,13k,0.0,70.6
Barbados,1992,13k,0.0,70.6
Barbados,1993,13.2k,0.0,70.6
Barbados,1994,13.4k,0.00775,70.6
Barbados,1995,13.9k,0.389,70.6
Barbados,1996,14.5k,0.7829999999999999,70.6
Barbados,1997,15k,1.97,70.6
Barbados,1998,15k,2.38,70.6
Barbados,1999,15.6k,3.97,70.6
Barbados,2000,15.1k,11.9,70.6
Brunei,1990,37.2k,0,41.9
Brunei,1991,37.8k,0.0,41.9
Brunei,1992,36.9k,0.0,41.9
Brunei,1993,37.1k,0.0,41.9
Brunei,1994,37.7k,1.02,41.9
Brunei,1995,37.8k,3.3,41.9
Brunei,1996,36.4k,4.83,41.9
Brunei,1997,35.4k,6.28,41.9
Brunei,1998,35.7k,7.67,41.9
Brunei,1999,35.9k,9.0,46.9
Brunei,2000,36.2k,12.9,46.9
Botswana,1990,4310,0,25.0
Botswana,1991,4310,0.0,25.0
Botswana,1992,4280,0.0,28.1
Botswana,1993,4330,0.0,28.1
Botswana,1994,4530,0.0645,28.1
Botswana,1995,4680,0.157,37.5
Botswana,1996,4950,0.308,40.6
Botswana,1997,4860,0.602,40.6
Botswana,1998,5210,1.12,40.6
Botswana,1999,5210,2.9,40.6
Botswana,2000,5130,3.43,40.6
Central African Republic,1990,474,0,47.5
Central African Republic,1991,431,0.0,47.5
Central African Republic,1992,420,0.0,47.5
Central African Republic,1993,428,0.0,47.5
Central African Republic,1994,447,0,47.5
Central African Republic,1995,418,0.00585,47.5
Central African Republic,1996,429,0.0143,47.5
Central African Republic,1997,438,0.0279,58.8
Central African Republic,1998,444,0.0409,58.8
Central African Republic,1999,423,0.0534,58.8
Central African Republic,2000,432,0.0785,58.8
Switzerland,1990,64.6k,1.18,62.5
Switzerland,1991,63.8k,1.75,62.5
Switzerland,1992,63.2k,2.17,62.5
Switzerland,1993,63.5k,2.72,62.5
Switzerland,1994,63.4k,3.55,75.0
Switzerland,1995,63.4k,4.55,78.1
Switzerland,1996,64.7k,15.1,78.1
Switzerland,1997,66.5k,24.8,78.1
Switzerland,1998,67.3k,34.0,78.1
Switzerland,1999,69.6k,47.1,78.1
Switzerland,2000,70.2k,55.1,78.1
Chile,1990,6290,0,54.4
Chile,1991,6880,0.0365,54.4
Chile,1992,7210,0.0718,54.4
Chile,1993,7460,0.141,60.6
Chile,1994,8000,0.347,60.6
Chile,1995,8430,0.6829999999999999,60.6
Chile,1996,8930,1.06,60.6
Chile,1997,9200,1.66,60.6
Chile,1998,9050,4.1,60.6
Chile,1999,9420,16.6,60.6
Chile,2000,9620,19.1,60.6
China,1990,786,0,59.4
China,1991,887,0.0,59.4
China,1992,999,0.00016999999999999999,59.4
China,1993,1120,0.00117,59.4
China,1994,1220,0.00495,62.5
China,1995,1330,0.0131,62.5
China,1996,1440,0.0324,62.5
China,1997,1540,0.16899999999999998,62.5
China,1998,1640,0.708,62.5
China,1999,1770,1.78,62.5
China,2000,1900,2.64,62.5
Cote d'Ivoire,1990,1440,0,48.8
Cote d'Ivoire,1991,1390,0.0,48.8
Cote d'Ivoire,1992,1330,0.0,48.8
Cote d'Ivoire,1993,1300,0.0,48.8
Cote d'Ivoire,1994,1350,0.0002,63.1
Cote d'Ivoire,1995,1410,0.008409999999999999,63.1
Cote d'Ivoire,1996,1410,0.0188,63.1
Cote d'Ivoire,1997,1440,0.061,63.1
Cote d'Ivoire,1998,1420,0.11900000000000001,69.4
Cote d'Ivoire,1999,1360,0.231,69.4
Cote d'Ivoire,2000,1330,0.396,69.4
"Congo, Dem. Rep.",1990,620,0,25.6
"Congo, Dem. Rep.",1991,534,0.0,25.6
"Congo, Dem. Rep.",1992,444,0.0,25.6
"Congo, Dem. Rep.",1993,411,0.0,25.6
"Congo, Dem. Rep.",1994,401,0,25.6
"Congo, Dem. Rep.",1995,386,0.00011,25.6
"Congo, Dem. Rep.",1996,356,0.00021,25.6
"Congo, Dem. Rep.",1997,342,0.00041,25.6
"Congo, Dem. Rep.",1998,320,0.00101,28.1
"Congo, Dem. Rep.",1999,290,0.0059,28.1
"Congo, Dem. Rep.",2000,276,0.0115,28.1
"Congo, Rep.",1990,3000,0,49.4
"Congo, Rep.",1991,3000,0.0,49.4
"Congo, Rep.",1992,2890,0.0,49.4
"Congo, Rep.",1993,2650,0.0,49.4
"Congo, Rep.",1994,2680,0,49.4
"Congo, Rep.",1995,2720,0.0035299999999999997,49.4
"Congo, Rep.",1996,2620,0.0034700000000000004,49.4
"Congo, Rep.",1997,2640,0.0034200000000000003,49.4
"Congo, Rep.",1998,2500,0.0168,49.4
"Congo, Rep.",1999,2620,0.0263,49.4
"Congo, Rep.",2000,2640,0.0322,49.4
Colombia,1990,4470,0,59.4
Colombia,1991,4560,0.0,59.4
Colombia,1992,4710,0.0,59.4
Colombia,1993,4890,0.107,59.4
Colombia,1994,5060,0.188,59.4
Colombia,1995,5070,0.33,59.4
Colombia,1996,5150,0.551,61.9
Colombia,1997,5090,1.13,61.9
Colombia,1998,4800,1.7,61.9
Colombia,1999,4860,2.21,61.9
Colombia,2000,4870,2.85,61.9
Costa Rica,1990,4840,0,65.6
Costa Rica,1991,5150,0.0011099999999999999,65.6
Costa Rica,1992,5370,0.0815,65.6
Costa Rica,1993,5470,0.28,65.6
Costa Rica,1994,5560,0.417,75.0
Costa Rica,1995,5500,0.841,77.5
Costa Rica,1996,5670,1.64,77.5
Costa Rica,1997,5940,2.67,77.5
Costa Rica,1998,6060,3.9,77.5
Costa Rica,1999,6170,5.8,77.5
Costa Rica,2000,6270,9.56,77.5
Cyprus,1990,20.1k,0,73.8
Cyprus,1991,21.4k,0.0501,73.8
Cyprus,1992,21k,0.0564,73.8
Cyprus,1993,21.8k,0.111,73.8
Cyprus,1994,23.2k,0.41,76.3
Cyprus,1995,23.1k,0.6729999999999999,76.3
Cyprus,1996,23.4k,4.38,76.3
Cyprus,1997,24.5k,8.89,76.3
Cyprus,1998,25.5k,11.3,76.3
Cyprus,1999,26.7k,15.3,76.3
Cyprus,2000,27.4k,18.8,76.3
Czech Republic,1990,12.5k,0,70.0
Czech Republic,1991,12.4k,0.0,70.0
Czech Republic,1992,12.4k,0.581,70.0
Czech Republic,1993,12.7k,1.26,70.0
Czech Republic,1994,13.6k,1.45,73.1
Czech Republic,1995,14.2k,1.94,73.1
Czech Republic,1996,14.1k,2.92,73.1
Czech Republic,1997,14.1k,3.9,73.1
Czech Republic,1998,14.3k,6.83,73.1
Czech Republic,1999,14.9k,9.78,73.1
Czech Republic,2000,15.4k,14.7,73.1
Germany,1990,33.8k,0.25,73.8
Germany,1991,34.2k,0.435,73.8
Germany,1992,33.7k,0.46399999999999997,73.8
Germany,1993,34.4k,0.9229999999999999,73.8
Germany,1994,34.8k,1.84,76.9
Germany,1995,35k,3.05,76.9
Germany,1996,35.5k,6.71,76.9
Germany,1997,36.3k,9.88,76.9
Germany,1998,36.9k,20.8,76.9
Germany,1999,37.9k,30.2,76.9
Germany,2000,38.5k,31.7,76.9
Denmark,1990,45.1k,0.194,78.8
Denmark,1991,45.8k,0.387,81.9
Denmark,1992,45.7k,0.578,81.9
Denmark,1993,47.9k,1.34,81.9
Denmark,1994,49.1k,3.83,81.9
Denmark,1995,50.3k,5.71,81.9
Denmark,1996,51.7k,11.4,81.9
Denmark,1997,52.6k,22.7,85.0
Denmark,1998,54k,30.6,85.0
Denmark,1999,55.9k,39.2,91.3
Denmark,2000,56.1k,43.0,91.3
Dominican Republic,1990,2670,0,58.1
Dominican Republic,1991,2910,0.0,70.0
Dominican Republic,1992,3070,0.0,70.0
Dominican Republic,1993,3100,0.0,70.0
Dominican Republic,1994,3210,0.0172,70.0
Dominican Republic,1995,3350,0.075,70.0
Dominican Republic,1996,3590,0.14300000000000002,75.6
Dominican Republic,1997,3770,0.23399999999999999,75.6
Dominican Republic,1998,3930,1.1,75.6
Dominican Republic,1999,4050,3.7,75.6
Dominican Republic,2000,4090,4.43,75.6
Algeria,1990,3440,0,43.8
Algeria,1991,3420,0.0,43.8
Algeria,1992,3280,0.0,43.8
Algeria,1993,3180,0.00036,43.8
Algeria,1994,3240,0.00177,43.8
Algeria,1995,3320,0.0017399999999999998,43.8
Algeria,1996,3300,0.0103,40.6
Algeria,1997,3410,0.0202,40.6
Algeria,1998,3470,0.2,40.6
Algeria,1999,3560,0.49200000000000005,40.6
Algeria,2000,3620,0.6459999999999999,40.6
Ecuador,1990,3790,0,63.8
Ecuador,1991,3780,0.00512,63.8
Ecuador,1992,3770,0.0164,63.8
Ecuador,1993,3840,0.0348,63.8
Ecuador,1994,3840,0.0438,63.8
Ecuador,1995,3830,0.0862,66.3
Ecuador,1996,3910,0.11,66.3
Ecuador,1997,3950,0.125,66.3
Ecuador,1998,3690,0.823,75.6
Ecuador,1999,3660,1.46,75.6
Ecuador,2000,3740,2.67,75.6
Egypt,1990,1540,0,32.5
Egypt,1991,1570,0.0,32.5
Egypt,1992,1590,0.00098,32.5
Egypt,1993,1620,0.006379999999999999,32.5
Egypt,1994,1660,0.0313,32.5
Egypt,1995,1710,0.0615,32.5
Egypt,1996,1770,0.0905,32.5
Egypt,1997,1830,0.14800000000000002,32.5
Egypt,1998,1900,0.29,32.5
Egypt,1999,1980,0.6409999999999999,32.5
Egypt,2000,2010,0.8390000000000001,35.6
Spain,1990,23k,0.0257,73.8
Spain,1991,23.1k,0.0769,73.8
Spain,1992,22.8k,0.128,73.8
Spain,1993,23.2k,0.28,76.9
Spain,1994,23.7k,0.381,79.4
Spain,1995,24.3k,1.33,94.4
Spain,1996,25.1k,2.8,94.4
Spain,1997,26.1k,4.36,94.4
Spain,1998,27.1k,7.09,94.4
Spain,1999,28.4k,13.6,94.4
Spain,2000,29.3k,18.1,94.4
Ethiopia,1990,187,0,44.4
Ethiopia,1991,164,0.0,44.4
Ethiopia,1992,179,0.0,50.0
Ethiopia,1993,179,0.0,50.0
Ethiopia,1994,184,20µ,50.0
Ethiopia,1995,200,0.0017,50.0
Ethiopia,1996,200,0.0049700000000000005,50.0
Ethiopia,1997,188,0.00966,50.0
Ethiopia,1998,192,0.0125,50.0
Ethiopia,1999,197,0.0153,50.0
Ethiopia,2000,208,0.0372,63.1
Finland,1990,31.2k,1.4,82.5
Finland,1991,30k,1.89,82.5
Finland,1992,29.7k,2.57,82.5
Finland,1993,30.7k,4.92,82.5
Finland,1994,31.9k,13.9,82.5
Finland,1995,33k,16.8,82.5
Finland,1996,34.9k,19.5,82.5
Finland,1997,36.8k,25.5,82.5
Finland,1998,38.3k,32.3,85.0
Finland,1999,40.4k,37.2,85.0
Finland,2000,41.4k,43.1,85.0
Fiji,1990,2820,0,51.3
Fiji,1991,2960,0.0,51.3
Fiji,1992,2980,0.006679999999999999,51.3
Fiji,1993,3090,0.007909999999999999,51.3
Fiji,1994,3120,0.00912,51.3
Fiji,1995,3240,0.0644,51.3
Fiji,1996,3130,0.223,51.3
Fiji,1997,3140,0.633,51.3
Fiji,1998,3390,0.9420000000000001,57.5
Fiji,1999,3320,1.5,57.5
Fiji,2000,3370,1.86,57.5
France,1990,32.7k,0.14,76.9
France,1991,33k,0.27899999999999997,76.9
France,1992,32.7k,0.591,86.3
France,1993,33.3k,0.9,86.3
France,1994,33.9k,1.64,86.3
France,1995,34.3k,2.58,86.3
France,1996,35k,4.25,86.3
France,1997,36.1k,6.32,86.3
France,1998,37.1k,9.13,86.3
France,1999,38.3k,14.3,86.3
France,2000,38.8k,26.3,89.4
"Micronesia, Fed. Sts.",1990,2470,0,61.3
"Micronesia, Fed. Sts.",1991,2510,0.0,61.3
"Micronesia, Fed. Sts.",1992,2640,0.0,61.3
"Micronesia, Fed. Sts.",1993,2580,0.0,61.3
"Micronesia, Fed. Sts.",1994,2720,0,61.3
"Micronesia, Fed. Sts.",1995,2610,0.278,61.3
"Micronesia, Fed. Sts.",1996,2450,0.5710000000000001,61.3
"Micronesia, Fed. Sts.",1997,2530,1.86,61.3
"Micronesia, Fed. Sts.",1998,2570,2.8,61.3
"Micronesia, Fed. Sts.",1999,2710,3.73,61.3
"Micronesia, Fed. Sts.",2000,2770,4.66,61.3
Gabon,1990,11.5k,0,45.6
Gabon,1991,10.9k,0.0,45.6
Gabon,1992,11k,0.0,45.6
Gabon,1993,11.1k,0.0,45.6
Gabon,1994,11.4k,0,51.3
Gabon,1995,11.5k,0.0,51.3
Gabon,1996,11.8k,0.048,51.3
Gabon,1997,11.9k,0.17,51.3
Gabon,1998,10.6k,0.249,51.3
Gabon,1999,10.2k,1.22,51.3
Gabon,2000,10.1k,1.35,51.3
United Kingdom,1990,28.2k,0.174,78.1
United Kingdom,1991,28.3k,0.261,78.1
United Kingdom,1992,28.9k,0.52,78.1
United Kingdom,1993,29.9k,1.04,78.1
United Kingdom,1994,30.6k,1.9,78.1
United Kingdom,1995,31.3k,4.12,81.3
United Kingdom,1996,32.8k,7.39,83.8
United Kingdom,1997,33.9k,13.7,83.8
United Kingdom,1998,34.9k,21.3,83.8
United Kingdom,1999,36k,26.8,86.3
United Kingdom,2000,36.8k,33.5,86.3
Georgia,1990,2900,0,61.3
Georgia,1991,1580,0.0,61.3
Georgia,1992,1110,0.0,61.3
Georgia,1993,1010,0.0,61.3
Georgia,1994,1080,0.0118,61.3
Georgia,1995,1240,0.0401,61.3
Georgia,1996,1420,0.0609,61.3
Georgia,1997,1500,0.10300000000000001,61.3
Georgia,1998,1570,0.41600000000000004,61.3
Georgia,1999,1630,0.485,61.3
Georgia,2000,1740,0.992,61.3
Ghana,1990,835,0,57.5
Ghana,1991,842,0.0,57.5
Ghana,1992,858,0.0,57.5
Ghana,1993,862,0.0,57.5
Ghana,1994,874,0.00035,57.5
Ghana,1995,891,0.00565,57.5
Ghana,1996,905,0.0275,57.5
Ghana,1997,924,0.0322,57.5
Ghana,1998,942,0.105,57.5
Ghana,1999,953,0.154,57.5
Ghana,2000,967,0.2,57.5
Guinea,1990,541,0,46.9
Guinea,1991,543,0.0,46.9
Guinea,1992,556,0.0,46.9
Guinea,1993,563,0.00014,46.9
Guinea,1994,573,0.00067,46.9
Guinea,1995,583,0.00195,46.9
Guinea,1996,598,0.0038,46.9
Guinea,1997,604,0.0062,46.9
Guinea,1998,612,0.0608,46.9
Guinea,1999,613,0.0954,46.9
Guinea,2000,622,0.17600000000000002,46.9
Gambia,1990,825,0,58.8
Gambia,1991,824,0.0,58.8
Gambia,1992,822,0.0,58.8
Gambia,1993,798,0.0,58.8
Gambia,1994,780,0.00922,58.8
Gambia,1995,773,0.0355,58.8
Gambia,1996,787,0.0513,58.8
Gambia,1997,789,0.20600000000000002,58.8
Gambia,1998,814,0.716,58.8
Gambia,1999,833,0.922,58.8
Gambia,2000,854,1.34,58.8
Greece,1990,19.6k,0.0488,70.6
Greece,1991,19.6k,0.0483,70.6
Greece,1992,19.1k,0.191,73.1
Greece,1993,19.4k,0.37799999999999995,73.1
Greece,1994,19.7k,0.75,73.1
Greece,1995,20.2k,1.4,73.1
Greece,1996,21k,1.85,73.1
Greece,1997,21.7k,3.22,73.1
Greece,1998,22.3k,6.88,73.1
Greece,1999,23.1k,9.14,73.1
Greece,2000,23.9k,10.9,73.1
Grenada,1990,4830,0,65.6
Grenada,1991,4750,0.0,65.6
Grenada,1992,4610,0.0,65.6
Grenada,1993,4630,0.0,65.6
Grenada,1994,4690,0,65.6
Grenada,1995,4860,0.298,65.6
Grenada,1996,5080,0.991,65.6
Grenada,1997,5650,1.48,65.6
Grenada,1998,6020,2.47,65.6
Grenada,1999,6280,4.06,75.0
Grenada,2000,6130,5.13,75.0
Guatemala,1990,2180,0,49.4
Guatemala,1991,2230,0.0,49.4
Guatemala,1992,2260,0.0,55.0
Guatemala,1993,2290,0.0,57.5
Guatemala,1994,2350,0.003,57.5
Guatemala,1995,2360,0.0195,57.5
Guatemala,1996,2400,0.0955,60.0
Guatemala,1997,2460,0.467,60.0
Guatemala,1998,2500,0.593,65.0
Guatemala,1999,2530,0.7120000000000001,68.1
Guatemala,2000,2520,1.74,68.1
Guyana,1990,2400,0,66.3
Guyana,1991,2570,0.0,66.3
Guyana,1992,2760,0.0,66.3
Guyana,1993,2980,0.0,66.3
Guyana,1994,3120,0,66.3
Guyana,1995,3370,0.0659,66.3
Guyana,1996,3590,0.132,71.9
Guyana,1997,3550,0.264,86.9
Guyana,1998,3670,3.97,86.9
Guyana,1999,3640,6.61,86.9
Guyana,2000,3730,13.2,86.9
"Hong Kong, China",1990,19.1k,0.121,74.4
"Hong Kong, China",1991,20.2k,0.85,74.4
"Hong Kong, China",1992,21k,1.33,74.4
"Hong Kong, China",1993,21.8k,2.78,74.4
"Hong Kong, China",1994,21.9k,3.22,74.4
"Hong Kong, China",1995,21.8k,4.75,83.8
"Hong Kong, China",1996,22.8k,10.5,86.9
"Hong Kong, China",1997,21.2k,14.5,86.9
"Hong Kong, China",1998,21.6k,21.2,86.9
"Hong Kong, China",1999,23k,27.8,86.9
"Hong Kong, China",2000,23k,38.7,86.9
Honduras,1990,1470,0,54.4
Honduras,1991,1510,0.0,54.4
Honduras,1992,1570,0.0,54.4
Honduras,1993,1530,0.0,54.4
Honduras,1994,1570,0.0368,54.4
Honduras,1995,1560,0.0437,54.4
Honduras,1996,1580,0.171,63.1
Honduras,1997,1600,0.301,63.1
Honduras,1998,1540,0.574,63.1
Honduras,1999,1610,1.2,66.3
Honduras,2000,1610,1.42,66.3
Hungary,1990,8870,0.00338,70.0
Hungary,1991,8600,0.0483,69.4
Hungary,1992,8560,0.193,69.4
Hungary,1993,8830,0.484,69.4
Hungary,1994,8970,0.677,69.4
Hungary,1995,8990,0.9690000000000001,69.4
Hungary,1996,9290,1.94,69.4
Hungary,1997,9680,3.89,69.4
Hungary,1998,10k,5.86,69.4
Hungary,1999,10.5k,7.0,69.4
Hungary,2000,10.9k,14.5,69.4
Indonesia,1990,1790,0,47.5
Indonesia,1991,1880,0.0,47.5
Indonesia,1992,1970,0.0,47.5
Indonesia,1993,2080,0.00106,47.5
Indonesia,1994,2220,0.0261,47.5
Indonesia,1995,2360,0.0566,47.5
Indonesia,1996,2430,0.195,47.5
Indonesia,1997,2080,0.255,50.0
Indonesia,1998,2070,0.444,50.0
Indonesia,1999,2140,0.9259999999999999,50.0
Indonesia,2000,2190,2.02,50.0
India,1990,576,0,55.0
India,1991,595,0.00011,55.0
India,1992,611,0.00022,55.0
India,1993,639,0.00107,55.0
India,1994,675,0.0262,60.0
India,1995,712,0.0463,60.0
India,1996,727,0.0708,60.0
India,1997,758,0.139,62.5
India,1998,810,0.273,62.5
India,1999,827,0.528,62.5
India,2000,852,0.66,62.5
Ireland,1990,24.6k,0.0568,75.0
Ireland,1991,25.3k,0.17,75.0
Ireland,1992,25.8k,0.281,75.0
Ireland,1993,27.2k,0.5579999999999999,78.1
Ireland,1994,29.7k,1.11,78.1
Ireland,1995,31.6k,2.2,83.1
Ireland,1996,34.7k,4.09,85.6
Ireland,1997,37.4k,8.1,85.6
Ireland,1998,40.8k,10.9,91.9
Ireland,1999,44.1k,17.9,95.0
Ireland,2000,45.7k,23.1,95.0
Iran,1990,4530,0,26.3
Iran,1991,4570,0.0,26.3
Iran,1992,4550,0.0,26.3
Iran,1993,4420,0.00041,26.3
Iran,1994,4460,0.00418,26.3
Iran,1995,4620,0.0158,26.3
Iran,1996,4580,0.0468,26.3
Iran,1997,4620,0.0998,26.3
Iran,1998,4610,0.379,26.3
Iran,1999,4810,0.934,26.3
Iran,2000,4790,1.48,26.3
Italy,1990,31.3k,0.0351,71.3
Italy,1991,31.6k,0.0701,71.3
Italy,1992,31.3k,0.122,71.3
Italy,1993,31.9k,0.192,71.3
Italy,1994,32.9k,0.524,71.3
Italy,1995,33.3k,1.02,74.4
Italy,1996,33.9k,2.28,74.4
Italy,1997,34.5k,4.56,74.4
Italy,1998,35k,14.4,74.4
Italy,1999,36.3k,23.1,76.9
Italy,2000,37k,27.2,80.0
Jamaica,1990,4460,0,56.9
Jamaica,1991,4500,0.0,56.9
Jamaica,1992,4880,0.0,56.9
Jamaica,1993,4900,0.0368,56.9
Jamaica,1994,4970,0.109,56.9
Jamaica,1995,4910,0.591,59.4
Jamaica,1996,4810,0.7979999999999999,59.4
Jamaica,1997,4650,1.98,59.4
Jamaica,1998,4660,2.36,59.4
Jamaica,1999,4660,3.12,59.4
Jamaica,2000,4690,3.86,59.4
Jordan,1990,2520,0,26.3
Jordan,1991,2730,0.0,26.3
Jordan,1992,2700,0.0,26.3
Jordan,1993,2700,0.0,26.3
Jordan,1994,2750,0.0232,26.3
Jordan,1995,2720,0.0449,26.3
Jordan,1996,2750,0.599,26.3
Jordan,1997,2780,1.31,26.3
Jordan,1998,2820,2.53,26.3
Jordan,1999,2890,2.62,26.3
Jordan,2000,2980,4.71,26.3
Japan,1990,39.2k,0.0404,74.4
Japan,1991,39.4k,0.0967,74.4
Japan,1992,39.1k,0.401,74.4
Japan,1993,39.4k,0.8,74.4
Japan,1994,40.4k,1.59,76.9
Japan,1995,41.5k,4.37,76.9
Japan,1996,41.9k,9.16,76.9
Japan,1997,41.3k,13.4,76.9
Japan,1998,41.1k,21.4,76.9
Japan,1999,42.2k,30.0,76.9
Japan,2000,42.2k,38.5,79.4
Kazakhstan,1990,5210,0,58.1
Kazakhstan,1991,4940,0.0,61.3
Kazakhstan,1992,4500,0.0,61.3
Kazakhstan,1993,3990,0.0005200000000000001,61.3
Kazakhstan,1994,3740,0.0113,61.3
Kazakhstan,1995,3810,0.0318,61.3
Kazakhstan,1996,3940,0.0646,61.3
Kazakhstan,1997,3930,0.131,61.3
Kazakhstan,1998,4080,0.46399999999999997,61.3
Kazakhstan,1999,4490,0.669,64.4
Kazakhstan,2000,5110,1.01,64.4
Kenya,1990,900,0,51.9
Kenya,1991,865,0.0,51.9
Kenya,1992,841,0.0,51.9
Kenya,1993,837,0.0,51.9
Kenya,1994,848,0.00073,51.9
Kenya,1995,858,0.00884,51.9
Kenya,1996,838,0.0344,51.9
Kenya,1997,841,0.0503,51.9
Kenya,1998,837,0.114,51.9
Kenya,1999,820,0.318,51.9
Kenya,2000,828,0.62,51.9
St. Kitts and Nevis,1990,9700,0,68.8
St. Kitts and Nevis,1991,10k,0.0,68.8
St. Kitts and Nevis,1992,10.6k,0.0,68.8
St. Kitts and Nevis,1993,11k,0.0,68.8
St. Kitts and Nevis,1994,11.5k,0,68.8
St. Kitts and Nevis,1995,12.1k,1.95,68.8
St. Kitts and Nevis,1996,12.8k,2.26,68.8
St. Kitts and Nevis,1997,12.6k,3.34,68.8
St. Kitts and Nevis,1998,12.9k,4.4,68.8
St. Kitts and Nevis,1999,14k,5.86,71.3
St. Kitts and Nevis,2000,14.6k,7.71,71.3
South Korea,1990,9320,0.0461,57.5
South Korea,1991,9790,0.0984,57.5
South Korea,1992,10.4k,0.25,57.5
South Korea,1993,11.2k,0.311,57.5
South Korea,1994,12.2k,0.82,57.5
South Korea,1995,13k,1.62,57.5
South Korea,1996,13.7k,3.6,60.6
South Korea,1997,12.9k,6.78,63.1
South Korea,1998,14.3k,23.6,66.3
South Korea,1999,15.4k,44.7,66.3
South Korea,2000,16k,56.6,66.3
Lebanon,1990,4310,0,44.4
Lebanon,1991,4770,0.0,44.4
Lebanon,1992,5000,0.0,44.4
Lebanon,1993,5160,0.0,44.4
Lebanon,1994,5300,0.0716,44.4
Lebanon,1995,5760,0.14,44.4
Lebanon,1996,5750,1.24,44.4
Lebanon,1997,5900,2.72,44.4
Lebanon,1998,5780,5.38,44.4
Lebanon,1999,5720,7.95,50.0
Lebanon,2000,5720,6.78,50.0
St. Lucia,1990,7010,0,63.1
St. Lucia,1991,7480,0.0,63.1
St. Lucia,1992,7430,0.0,63.1
St. Lucia,1993,7470,0.0,63.1
St. Lucia,1994,7500,0.306,65.6
St. Lucia,1995,7620,0.67,65.6
St. Lucia,1996,7460,0.992,65.6
St. Lucia,1997,7820,1.3,65.6
St. Lucia,1998,7930,1.93,65.6
St. Lucia,1999,7850,5.09,80.6
St. Lucia,2000,7510,8.18,80.6
Sri Lanka,1990,1230,0,56.9
Sri Lanka,1991,1270,0.0,56.9
Sri Lanka,1992,1340,0.0,56.9
Sri Lanka,1993,1400,0.00277,56.9
Sri Lanka,1994,1470,0.00548,56.9
Sri Lanka,1995,1510,0.0545,63.1
Sri Lanka,1996,1600,0.162,63.1
Sri Lanka,1997,1670,0.29600000000000004,63.1
Sri Lanka,1998,1730,0.348,63.1
Sri Lanka,1999,1830,0.647,63.1
Sri Lanka,2000,1780,0.794,63.1
Lesotho,1990,667,0,28.8
Lesotho,1991,698,0.0,31.3
Lesotho,1992,706,0.0,43.1
Lesotho,1993,733,0.0,43.1
Lesotho,1994,742,0,43.1
Lesotho,1995,769,0.00285,43.1
Lesotho,1996,784,0.00558,43.1
Lesotho,1997,784,0.011000000000000001,43.1
Lesotho,1998,779,0.0538,43.1
Lesotho,1999,804,0.212,43.1
Lesotho,2000,832,0.261,43.1
Luxembourg,1990,70.7k,0,76.9
Luxembourg,1991,71k,0.153,76.9
Luxembourg,1992,73k,0.302,76.9
Luxembourg,1993,74.8k,0.496,76.9
Luxembourg,1994,74.8k,1.59,76.9
Luxembourg,1995,74.8k,5.55,76.9
Luxembourg,1996,78.1k,7.14,76.9
Luxembourg,1997,81.8k,11.7,76.9
Luxembourg,1998,87.5k,17.4,79.4
Luxembourg,1999,93.5k,22.9,85.6
Luxembourg,2000,94.7k,36.2,88.8
Morocco,1990,1820,0,38.1
Morocco,1991,1750,0.0,38.1
Morocco,1992,1700,0.0,38.1
Morocco,1993,1850,0.0,41.3
Morocco,1994,1730,0.00371,41.3
Morocco,1995,1910,0.005679999999999999,44.4
Morocco,1996,1860,0.0216,44.4
Morocco,1997,1970,0.142,44.4
Morocco,1998,1960,0.17600000000000002,44.4
Morocco,1999,1980,0.6940000000000001,44.4
Morocco,2000,2100,1.37,44.4
Madagascar,1990,512,0,45.0
Madagascar,1991,503,0.0,45.0
Madagascar,1992,499,0.0,45.0
Madagascar,1993,484,0.0,45.0
Madagascar,1994,477,0,48.1
Madagascar,1995,472,0.0037,48.1
Madagascar,1996,474,0.0143,48.1
Madagascar,1997,477,0.0626,48.1
Madagascar,1998,484,0.16899999999999998,48.1
Madagascar,1999,490,0.196,48.1
Madagascar,2000,504,0.223,54.4
Mexico,1990,7970,0.00588,67.5
Mexico,1991,8100,0.0173,67.5
Mexico,1992,8120,0.0283,67.5
Mexico,1993,8370,0.0433,67.5
Mexico,1994,7720,0.103,67.5
Mexico,1995,8110,0.2,67.5
Mexico,1996,8530,0.627,67.5
Mexico,1997,8840,1.27,67.5
Mexico,1998,8950,1.86,67.5
Mexico,1999,9250,5.08,72.5
Mexico,2000,9090,7.04,72.5
North Macedonia,1990,3620,0,64.4
North Macedonia,1991,3390,0.0,64.4
North Macedonia,1992,3150,0.0,64.4
North Macedonia,1993,3100,0.0,67.5
North Macedonia,1994,3060,0.0407,67.5
North Macedonia,1995,3090,0.076,67.5
North Macedonia,1996,3110,0.504,67.5
North Macedonia,1997,3200,1.0,67.5
North Macedonia,1998,3320,1.5,70.6
North Macedonia,1999,3450,2.49,70.6
North Macedonia,2000,3330,3.47,70.6
Mali,1990,528,0,41.3
Mali,1991,498,0.0,41.3
Mali,1992,501,0.0,46.3
Mali,1993,506,0.0,46.3
Mali,1994,497,0,46.3
Mali,1995,518,0.00206,46.3
Mali,1996,530,0.0101,46.3
Mali,1997,555,0.0198,46.3
Mali,1998,571,0.0609,46.3
Mali,1999,555,0.14300000000000002,49.4
Mali,2000,622,0.18600000000000003,49.4
Malta,1990,11k,0,51.9
Malta,1991,11.4k,0.0,51.9
Malta,1992,11.8k,0.0,51.9
Malta,1993,12.4k,0.0,57.5
Malta,1994,13.1k,0.225,57.5
Malta,1995,13.5k,1.05,57.5
Malta,1996,14.1k,3.92,57.5
Malta,1997,14.7k,6.5,57.5
Malta,1998,15.3k,7.76,57.5
Malta,1999,18.2k,13.1,60.0
Malta,2000,17.9k,17.9,60.0
Mongolia,1990,1580,0,67.5
Mongolia,1991,1420,0.0,67.5
Mongolia,1992,1360,0.0,67.5
Mongolia,1993,1380,0.0,67.5
Mongolia,1994,1460,0.00881,67.5
Mongolia,1995,1480,0.0182,67.5
Mongolia,1996,1520,0.113,67.5
Mongolia,1997,1560,0.146,67.5
Mongolia,1998,1600,0.508,67.5
Mongolia,1999,1600,1.26,67.5
Mongolia,2000,1630,1.65,67.5
Mozambique,1990,221,0,38.8
Mozambique,1991,201,0.0,38.8
Mozambique,1992,213,0.0,38.8
Mozambique,1993,218,0.0,38.8
Mozambique,1994,216,0,38.8
Mozambique,1995,233,0.0030399999999999997,38.8
Mozambique,1996,252,0.0118,38.8
Mozambique,1997,270,0.0202,38.8
Mozambique,1998,294,0.0563,38.8
Mozambique,1999,290,0.11,38.8
Mozambique,2000,316,0.16,38.8
Mauritius,1990,3930,0,63.1
Mauritius,1991,4130,0.0,63.1
Mauritius,1992,4290,0.0,63.1
Mauritius,1993,4410,0.0,63.1
Mauritius,1994,4560,0,63.1
Mauritius,1995,4760,0.184,63.1
Mauritius,1996,4970,0.47600000000000003,63.1
Mauritius,1997,5220,2.57,65.6
Mauritius,1998,5290,4.65,71.9
Mauritius,1999,5660,7.28,71.9
Mauritius,2000,5810,8.78,71.9
Malaysia,1990,4840,0,44.4
Malaysia,1991,5130,0.00105,44.4
Malaysia,1992,5500,0.0255,44.4
Malaysia,1993,5860,0.0996,44.4
Malaysia,1994,6280,0.146,46.9
Malaysia,1995,6730,0.852,46.9
Malaysia,1996,7040,2.31,46.9
Malaysia,1997,6360,6.75,46.9
Malaysia,1998,6590,12.3,46.9
Malaysia,1999,7010,21.4,46.9
Malaysia,2000,6890,26.7,46.9
Namibia,1990,3730,0,33.8
Namibia,1991,3890,0.0,45.6
Namibia,1992,3730,0.0,45.6
Namibia,1993,3710,0.0,45.6
Namibia,1994,3770,0.00617,48.1
Namibia,1995,3810,0.00903,71.3
Namibia,1996,3890,0.0587,71.3
Namibia,1997,3940,0.287,71.3
Namibia,1998,4000,0.336,71.3
Namibia,1999,4070,1.64,71.3
Namibia,2000,4050,2.42,71.3
Niger,1990,499,0,41.3
Niger,1991,492,0.0,41.3
Niger,1992,477,0.0,41.3
Niger,1993,470,0.0,41.3
Niger,1994,465,0,41.3
Niger,1995,450,0.0010400000000000001,41.3
Niger,1996,441,0.00201,50.0
Niger,1997,468,0.0029100000000000003,50.0
Niger,1998,450,0.0281,50.0
Niger,1999,429,0.0363,50.0
Niger,2000,444,0.105,50.0
Nigeria,1990,1470,0,54.4
Nigeria,1991,1500,0.0,54.4
Nigeria,1992,1440,0.0,54.4
Nigeria,1993,1380,0.0,54.4
Nigeria,1994,1340,0,54.4
Nigeria,1995,1360,0.00883,54.4
Nigeria,1996,1370,0.0172,54.4
Nigeria,1997,1370,0.0252,54.4
Nigeria,1998,1340,0.040999999999999995,54.4
Nigeria,1999,1380,0.0641,54.4
Nigeria,2000,1420,0.0899,54.4
Nicaragua,1990,1100,0,60.6
Nicaragua,1991,1080,0.0,60.6
Nicaragua,1992,1050,0.0,60.6
Nicaragua,1993,1060,0.0132,60.6
Nicaragua,1994,1100,0.0301,60.6
Nicaragua,1995,1150,0.0841,60.6
Nicaragua,1996,1180,0.20600000000000002,63.8
Nicaragua,1997,1200,0.304,63.8
Nicaragua,1998,1260,0.498,63.8
Nicaragua,1999,1290,0.98,63.8
Nicaragua,2000,1310,1.45,63.8
Netherlands,1990,36.3k,0.531,83.1
Netherlands,1991,36.6k,1.32,83.1
Netherlands,1992,36.8k,1.97,83.1
Netherlands,1993,37.7k,3.26,86.3
Netherlands,1994,38.7k,6.47,86.3
Netherlands,1995,39.8k,9.65,86.3
Netherlands,1996,41.4k,14.1,86.3
Netherlands,1997,43k,22.2,86.3
Netherlands,1998,44.9k,39.2,89.4
Netherlands,1999,46.4k,44.0,89.4
Netherlands,2000,47.2k,49.4,89.4
Norway,1990,61.8k,1.41,80.0
Norway,1991,63.6k,2.22,85.6
Norway,1992,65.1k,2.78,88.1
Norway,1993,68k,4.15,88.1
Norway,1994,70.4k,6.42,88.1
Norway,1995,73.6k,18.3,88.1
Norway,1996,77k,20.4,88.1
Norway,1997,78.6k,22.6,88.1
Norway,1998,79.6k,40.0,88.1
Norway,1999,81.7k,52.0,88.1
Norway,2000,82.9k,64.0,88.1
Nepal,1990,367,0,41.9
Nepal,1991,372,0.0,41.9
Nepal,1992,376,0.0,41.9
Nepal,1993,396,0.0,41.9
Nepal,1994,400,0.00092,41.9
Nepal,1995,411,0.00451,41.9
Nepal,1996,422,0.022000000000000002,41.9
Nepal,1997,426,0.0644,41.9
Nepal,1998,437,0.147,41.9
Nepal,1999,455,0.205,41.9
Nepal,2000,469,0.24,41.9
New Zealand,1990,23.7k,0,81.3
New Zealand,1991,23.7k,0.28600000000000003,81.3
New Zealand,1992,24.9k,0.631,81.3
New Zealand,1993,25.8k,3.17,84.4
New Zealand,1994,26.7k,4.88,84.4
New Zealand,1995,27.2k,8.04,86.9
New Zealand,1996,27.4k,14.6,86.9
New Zealand,1997,27.4k,31.6,86.9
New Zealand,1998,28.7k,41.5,86.9
New Zealand,1999,29.4k,47.4,86.9
New Zealand,2000,30.2k,53.2,86.9
Oman,1990,14.9k,0,26.3
Oman,1991,15.4k,0.0,29.4
Oman,1992,15.7k,0.0,29.4
Oman,1993,15.7k,0.0,29.4
Oman,1994,16k,0,29.4
Oman,1995,16.3k,0.0,29.4
Oman,1996,17.2k,0.44,29.4
Oman,1997,17.6k,0.863,29.4
Oman,1998,17.7k,2.52,29.4
Oman,1999,18.7k,3.52,29.4
Oman,2000,19.3k,5.89,29.4
Panama,1990,4350,0,56.9
Panama,1991,4610,0.0,56.9
Panama,1992,4770,0.0,56.9
Panama,1993,4800,0.007640000000000001,61.9
Panama,1994,4790,0.0561,65.0
Panama,1995,4880,0.22,68.1
Panama,1996,5090,0.539,68.1
Panama,1997,5360,2.75,68.1
Panama,1998,5450,3.84,68.1
Panama,1999,5490,6.55,68.1
Panama,2000,5420,7.27,68.1
Peru,1990,2650,0,66.3
Peru,1991,2590,0.0,63.1
Peru,1992,2670,0.0,63.1
Peru,1993,2950,0.0085,65.6
Peru,1994,3110,0.0334,65.6
Peru,1995,3140,0.24600000000000002,68.8
Peru,1996,3280,0.40299999999999997,77.5
Peru,1997,3210,1.19,77.5
Peru,1998,3200,1.95,80.6
Peru,1999,3240,3.08,80.6
Peru,2000,3220,7.58,80.6
Philippines,1990,1540,0,58.1
Philippines,1991,1510,0.0,61.3
Philippines,1992,1500,0.0,61.3
Philippines,1993,1530,0.00584,61.3
Philippines,1994,1570,0.0286,67.5
Philippines,1995,1620,0.0559,67.5
Philippines,1996,1670,0.13699999999999998,70.0
Philippines,1997,1620,1.1,70.0
Philippines,1998,1630,1.43,70.0
Philippines,1999,1670,1.98,70.0
Philippines,2000,1680,2.52,70.0
Papua New Guinea,1990,1490,0,57.5
Papua New Guinea,1991,1660,0.0,57.5
Papua New Guinea,1992,1920,0.0,57.5
Papua New Guinea,1993,1980,0.0,57.5
Papua New Guinea,1994,1870,0,57.5
Papua New Guinea,1995,1970,0.00207,57.5
Papua New Guinea,1996,1850,0.10099999999999999,57.5
Papua New Guinea,1997,1730,0.235,57.5
Papua New Guinea,1998,1720,0.667,57.5
Papua New Guinea,1999,1640,0.835,57.5
Papua New Guinea,2000,1610,0.904,57.5
Poland,1990,5510,0.00523,61.3
Poland,1991,5630,0.0521,61.3
Poland,1992,5830,0.13,61.3
Poland,1993,6120,0.389,61.3
Poland,1994,6550,0.648,61.3
Poland,1995,6940,1.3,61.3
Poland,1996,7390,2.07,61.3
Poland,1997,7730,4.1,63.8
Poland,1998,8090,5.46,66.9
Poland,1999,8550,7.29,66.9
Poland,2000,8660,9.9,66.9
Puerto Rico,1990,17.6k,0,81.3
Puerto Rico,1991,18.3k,0.0,81.3
Puerto Rico,1992,19k,0.0,81.3
Puerto Rico,1993,19.6k,0.0272,81.3
Puerto Rico,1994,20.3k,0.135,81.3
Puerto Rico,1995,20.5k,0.268,81.3
Puerto Rico,1996,21.3k,1.33,81.3
Puerto Rico,1997,22.4k,2.65,81.3
Puerto Rico,1998,23.5k,5.27,81.3
Puerto Rico,1999,24.2k,10.5,81.3
Puerto Rico,2000,25.6k,15.6,81.3
Portugal,1990,17.4k,0.1,68.8
Portugal,1991,17.6k,0.25,68.8
Portugal,1992,17.3k,0.45,68.8
Portugal,1993,17.4k,0.7190000000000001,71.9
Portugal,1994,18.1k,1.49,74.4
Portugal,1995,18.6k,2.98,76.9
Portugal,1996,19.4k,4.95,76.9
Portugal,1997,20.2k,9.87,76.9
Portugal,1998,20.9k,14.7,76.9
Portugal,1999,21.5k,16.4,79.4
Portugal,2000,21.8k,18.1,79.4
Paraguay,1990,3580,0,51.3
Paraguay,1991,3550,0.0,51.3
Paraguay,1992,3630,0.0,70.6
Paraguay,1993,3730,0.0,80.0
Paraguay,1994,3900,0,80.0
Paraguay,1995,3870,0.0204,80.0
Paraguay,1996,3940,0.0996,80.0
Paraguay,1997,3860,0.195,86.3
Paraguay,1998,3730,0.382,89.4
Paraguay,1999,3570,0.748,89.4
Paraguay,2000,3470,1.1,91.9
Romania,1990,4730,0,65.0
Romania,1991,4350,0.0,65.0
Romania,1992,4420,0.0037,65.0
Romania,1993,4610,0.0263,65.0
Romania,1994,4900,0.075,65.0
Romania,1995,5110,0.222,65.0
Romania,1996,4870,0.445,65.0
Romania,1997,4790,2.24,65.0
Romania,1998,4780,2.7,65.0
Romania,1999,4900,3.61,70.0
Romania,2000,5230,4.54,70.0
Russia,1990,9060,0,61.3
Russia,1991,7740,0.00067,64.4
Russia,1992,7070,0.0135,64.4
Russia,1993,6180,0.0538,64.4
Russia,1994,5930,0.148,64.4
Russia,1995,5710,0.27,66.9
Russia,1996,5800,0.473,66.9
Russia,1997,5510,0.813,66.9
Russia,1998,5880,1.02,70.0
Russia,1999,6490,1.98,70.0
Russia,2000,6850,2.94,70.0
Rwanda,1990,380,0,44.4
Rwanda,1991,425,0.0,44.4
Rwanda,1992,418,0.0,44.4
Rwanda,1993,220,0.0,44.4
Rwanda,1994,302,0,44.4
Rwanda,1995,330,0.00088,44.4
Rwanda,1996,352,0.0016300000000000002,44.4
Rwanda,1997,354,0.0118,44.4
Rwanda,1998,343,0.0672,44.4
Rwanda,1999,351,0.0628,51.9
Rwanda,2000,367,0.24100000000000002,51.9
Saudi Arabia,1990,20.2k,0,23.8
Saudi Arabia,1991,20.3k,0.0,23.8
Saudi Arabia,1992,19.5k,0.0,23.8
Saudi Arabia,1993,19.1k,0.0,23.8
Saudi Arabia,1994,18.7k,0.011,23.8
Saudi Arabia,1995,18.8k,0.0267,23.8
Saudi Arabia,1996,18.7k,0.0521,23.8
Saudi Arabia,1997,18.9k,0.10099999999999999,23.8
Saudi Arabia,1998,17.8k,0.494,23.8
Saudi Arabia,1999,18.4k,2.21,23.8
Saudi Arabia,2000,17.7k,4.68,23.8
Sudan,1990,810,0,23.8
Sudan,1991,841,0.0,23.8
Sudan,1992,857,0.0,23.8
Sudan,1993,843,0.0,23.8
Sudan,1994,870,0,23.8
Sudan,1995,897,0.0,23.8
Sudan,1996,966,0.00123,26.3
Sudan,1997,980,0.00481,26.3
Sudan,1998,983,0.008790000000000001,26.3
Sudan,1999,1020,0.0258,26.3
Sudan,2000,1050,0.14,26.3
Senegal,1990,1120,0,55.0
Senegal,1991,1100,0.0,55.0
Senegal,1992,1080,0.0,55.0
Senegal,1993,1050,0.0,55.0
Senegal,1994,1080,0.00069,55.0
Senegal,1995,1080,0.0112,55.0
Senegal,1996,1080,0.0273,55.0
Senegal,1997,1120,0.0799,55.0
Senegal,1998,1160,0.311,63.8
Senegal,1999,1180,0.40399999999999997,63.8
Senegal,2000,1200,0.9840000000000001,63.8
Singapore,1990,23.4k,0.162,65.6
Singapore,1991,24.2k,0.47100000000000003,65.6
Singapore,1992,26.3k,0.763,65.6
Singapore,1993,28.3k,1.19,65.6
Singapore,1994,29.5k,2.87,65.6
Singapore,1995,30.4k,8.35,68.8
Singapore,1996,31.9k,13.5,68.8
Singapore,1997,30.1k,19.6,68.8
Singapore,1998,31.6k,24.2,68.8
Singapore,1999,33.9k,36.0,68.8
Singapore,2000,32.6k,41.7,68.8
Solomon Islands,1990,1570,0,54.4
Solomon Islands,1991,1720,0.0,54.4
Solomon Islands,1992,1740,0.0,54.4
Solomon Islands,1993,1830,0.0,54.4
Solomon Islands,1994,1960,0.0249,54.4
Solomon Islands,1995,1930,0.26899999999999996,54.4
Solomon Islands,1996,1860,0.392,54.4
Solomon Islands,1997,1830,0.508,54.4
Solomon Islands,1998,1780,0.495,54.4
Solomon Islands,1999,1480,0.48100000000000004,54.4
Solomon Islands,2000,1330,0.469,54.4
Sierra Leone,1990,422,0,31.9
Sierra Leone,1991,342,0.0,31.9
Sierra Leone,1992,348,0.0,31.9
Sierra Leone,1993,343,0.0,31.9
Sierra Leone,1994,316,0,31.9
Sierra Leone,1995,321,0.00251,31.9
Sierra Leone,1996,300,0.00499,31.9
Sierra Leone,1997,303,0.0148,31.9
Sierra Leone,1998,291,0.0485,31.9
Sierra Leone,1999,302,0.11800000000000001,31.9
Sierra Leone,2000,273,0.16,31.9
El Salvador,1990,2150,0,52.5
El Salvador,1991,2260,0.0,52.5
El Salvador,1992,2360,0.0,52.5
El Salvador,1993,2440,0.0,66.3
El Salvador,1994,2530,0,66.3
El Salvador,1995,2520,0.0864,66.3
El Salvador,1996,2580,0.257,71.9
El Salvador,1997,2620,0.425,78.1
El Salvador,1998,2660,0.845,78.1
El Salvador,1999,2670,1.18,78.1
El Salvador,2000,2670,1.5,78.1
Suriname,1990,6130,0,63.8
Suriname,1991,6040,0.0,63.8
Suriname,1992,5540,0.0,63.8
Suriname,1993,5640,0.0,63.8
Suriname,1994,5550,0.115,63.8
Suriname,1995,5530,0.226,63.8
Suriname,1996,5770,1.0,63.8
Suriname,1997,5830,1.67,63.8
Suriname,1998,5680,1.89,63.8
Suriname,1999,5730,2.51,63.8
Suriname,2000,5900,3.06,63.8
Sweden,1990,37.1k,1.16,87.5
Sweden,1991,36.5k,1.5,87.5
Sweden,1992,35.5k,1.72,87.5
Sweden,1993,36.6k,3.41,87.5
Sweden,1994,37.9k,5.1,87.5
Sweden,1995,38.4k,9.04,87.5
Sweden,1996,39.6k,23.7,87.5
Sweden,1997,41.2k,33.5,87.5
Sweden,1998,43k,41.4,90.6
Sweden,1999,44.9k,45.7,90.6
Sweden,2000,45.5k,51.8,90.6
Eswatini,1990,2820,0,38.8
Eswatini,1991,2840,0.0,38.8
Eswatini,1992,2860,0.0,38.8
Eswatini,1993,2860,0.0,38.8
Eswatini,1994,2940,0.00103,38.8
Eswatini,1995,2990,0.0504,38.8
Eswatini,1996,3030,0.0886,38.8
Eswatini,1997,3050,0.0961,38.8
Eswatini,1998,3100,0.47100000000000003,38.8
Eswatini,1999,3120,0.9259999999999999,38.8
Eswatini,2000,3130,1.28,38.8
Seychelles,1990,7650,0,63.1
Seychelles,1991,8160,0.0,63.1
Seychelles,1992,8490,0.0,63.1
Seychelles,1993,8200,0.0,65.6
Seychelles,1994,8010,0,71.3
Seychelles,1995,8280,0.6509999999999999,71.3
Seychelles,1996,9160,1.28,71.3
Seychelles,1997,9740,2.53,71.3
Seychelles,1998,9730,6.23,71.3
Seychelles,1999,9790,7.4,73.8
Seychelles,2000,9560,11.0,73.8
Togo,1990,570,0,51.3
Togo,1991,535,0.0,51.3
Togo,1992,445,0.0,51.3
Togo,1993,501,0.0,51.3
Togo,1994,526,0,51.3
Togo,1995,557,0.0109,51.3
Togo,1996,617,0.21100000000000002,51.3
Togo,1997,584,0.306,51.3
Togo,1998,580,0.59,51.3
Togo,1999,559,0.8,51.3
Togo,2000,548,0.9,51.3
Thailand,1990,2690,50µ,51.9
Thailand,1991,2870,0.00033999999999999997,51.9
Thailand,1992,3080,0.0136,51.9
Thailand,1993,3300,0.0386,51.9
Thailand,1994,3530,0.0748,51.9
Thailand,1995,3690,0.115,51.9
Thailand,1996,3550,0.361,51.9
Thailand,1997,3240,1.09,57.5
Thailand,1998,3350,2.43,63.8
Thailand,1999,3460,3.69,63.8
Thailand,2000,3540,5.56,63.8
Tonga,1990,2730,0,50.0
Tonga,1991,2730,0.0,50.0
Tonga,1992,2830,0.0,50.0
Tonga,1993,2970,0.0,50.0
Tonga,1994,3180,0.123,50.0
Tonga,1995,3220,0.16399999999999998,50.0
Tonga,1996,3250,0.511,50.0
Tonga,1997,3320,0.765,50.0
Tonga,1998,3420,1.02,50.0
Tonga,1999,3440,2.43,50.0
Tonga,2000,3550,2.83,50.0
Trinidad and Tobago,1990,5970,0,60.6
Trinidad and Tobago,1991,6530,0.0,63.1
Trinidad and Tobago,1992,6450,0.0,63.1
Trinidad and Tobago,1993,6650,0.0,63.1
Trinidad and Tobago,1994,6870,0.158,63.1
Trinidad and Tobago,1995,7340,0.39299999999999996,63.1
Trinidad and Tobago,1996,7880,1.17,63.1
Trinidad and Tobago,1997,8510,2.72,63.1
Trinidad and Tobago,1998,9180,5.81,63.1
Trinidad and Tobago,1999,9790,7.72,63.1
Trinidad and Tobago,2000,10.2k,15.4,69.4
Tunisia,1990,2260,0,55.6
Tunisia,1991,2380,0.0,55.6
Tunisia,1992,2390,0.0,55.6
Tunisia,1993,2420,0.007379999999999999,58.8
Tunisia,1994,2430,0.0112,58.8
Tunisia,1995,2560,0.0276,58.8
Tunisia,1996,2670,0.0437,58.8
Tunisia,1997,2760,0.10800000000000001,58.8
Tunisia,1998,2900,1.6,58.8
Tunisia,1999,3000,2.75,58.8
Tunisia,2000,3090,4.3,58.8
Turkey,1990,6710,0,48.8
Turkey,1991,6930,0.0,48.8
Turkey,1992,7340,0.008459999999999999,48.8
Turkey,1993,6890,0.0499,48.8
Turkey,1994,7320,0.0817,48.8
Turkey,1995,7730,0.193,48.8
Turkey,1996,8190,0.474,48.8
Turkey,1997,8250,0.6990000000000001,48.8
Turkey,1998,7860,2.29,48.8
Turkey,1999,8280,3.76,48.8
Turkey,2000,7690,5.19,48.8
Tanzania,1990,509,0,61.3
Tanzania,1991,495,0.0,61.3
Tanzania,1992,484,0.0,61.3
Tanzania,1993,477,0.0,61.3
Tanzania,1994,479,0,61.3
Tanzania,1995,488,0.00162,61.3
Tanzania,1996,493,0.0079,61.3
Tanzania,1997,500,0.00924,67.5
Tanzania,1998,512,0.0751,67.5
Tanzania,1999,522,0.11699999999999999,67.5
Tanzania,2000,540,0.171,67.5
Uganda,1990,408,0,46.9
Uganda,1991,408,0.0,46.9
Uganda,1992,427,0.0,46.9
Uganda,1993,441,0.0,46.9
Uganda,1994,477,0.00286,46.9
Uganda,1995,504,0.00463,46.9
Uganda,1996,515,0.0103,46.9
Uganda,1997,525,0.0653,46.9
Uganda,1998,551,0.106,46.9
Uganda,1999,551,0.16399999999999998,46.9
Uganda,2000,562,0.23800000000000002,46.9
Ukraine,1990,3620,0,58.1
Ukraine,1991,3260,0.0,61.3
Ukraine,1992,2800,0.00078,61.3
Ukraine,1993,2170,0.0136,63.8
Ukraine,1994,1920,0.0431,66.9
Ukraine,1995,1740,0.0986,66.9
Ukraine,1996,1700,0.19899999999999998,66.9
Ukraine,1997,1690,0.301,66.9
Ukraine,1998,1700,0.405,66.9
Ukraine,1999,1820,0.716,66.9
Ukraine,2000,2010,1.24,66.9
Uruguay,1990,7070,0,65.6
Uruguay,1991,7580,0.0,65.6
Uruguay,1992,7720,0.0,65.6
Uruguay,1993,8220,0.0625,65.6
Uruguay,1994,8050,0.31,65.6
Uruguay,1995,8430,1.85,68.1
Uruguay,1996,9090,3.36,68.1
Uruguay,1997,9440,6.99,68.1
Uruguay,1998,9210,9.97,68.1
Uruguay,1999,9000,10.5,68.1
Uruguay,2000,8640,11.1,68.1
United States,1990,35.5k,1.16,81.3
United States,1991,36.3k,1.72,81.3
United States,1992,36.8k,2.27,81.3
United States,1993,37.8k,4.86,83.8
United States,1994,38.4k,9.24,83.8
United States,1995,39.4k,16.4,83.8
United States,1996,40.6k,21.6,83.8
United States,1997,41.9k,30.1,83.8
United States,1998,43.4k,35.8,83.8
United States,1999,44.7k,43.1,83.8
United States,2000,44.7k,49.1,83.8
Uzbekistan,1990,1170,0,52.5
Uzbekistan,1991,1010,0.0,52.5
Uzbekistan,1992,969,0.0,52.5
Uzbekistan,1993,901,0.0,55.6
Uzbekistan,1994,876,0.00153,55.6
Uzbekistan,1995,874,0.0042899999999999995,67.5
Uzbekistan,1996,903,0.0105,67.5
Uzbekistan,1997,927,0.0208,67.5
Uzbekistan,1998,956,0.0307,67.5
Uzbekistan,1999,979,0.484,67.5
Uzbekistan,2000,1010,0.598,67.5
St. Vincent and the Grenadines,1990,3520,0,60.0
St. Vincent and the Grenadines,1991,3670,0.0,60.0
St. Vincent and the Grenadines,1992,3910,0.0,60.0
St. Vincent and the Grenadines,1993,3860,0.0,60.0
St. Vincent and the Grenadines,1994,4160,0.129,63.1
St. Vincent and the Grenadines,1995,4220,0.483,65.6
St. Vincent and the Grenadines,1996,4370,0.9259999999999999,65.6
St. Vincent and the Grenadines,1997,4550,1.85,65.6
St. Vincent and the Grenadines,1998,4680,2.78,65.6
St. Vincent and the Grenadines,1999,4750,3.25,65.6
St. Vincent and the Grenadines,2000,4830,5.09,65.6
Venezuela,1990,12.8k,0,65.6
Venezuela,1991,13.3k,0.0121,65.6
Venezuela,1992,13k,0.0416,65.6
Venezuela,1993,12.5k,0.0555,65.6
Venezuela,1994,12.7k,0.122,65.6
Venezuela,1995,12.4k,0.248,65.6
Venezuela,1996,12.9k,0.391,65.6
Venezuela,1997,12.7k,1.38,68.1
Venezuela,1998,11.7k,2.84,68.1
Venezuela,1999,11.9k,3.36,68.1
Venezuela,2000,12.1k,4.64,68.1
Vietnam,1990,450,0,53.8
Vietnam,1991,478,0.0,53.8
Vietnam,1992,507,0.0,53.8
Vietnam,1993,542,0.0,56.9
Vietnam,1994,583,0,64.4
Vietnam,1995,628,0.00013000000000000002,64.4
Vietnam,1996,670,0.00398,64.4
Vietnam,1997,700,0.0131,64.4
Vietnam,1998,724,0.129,64.4
Vietnam,1999,765,0.254,64.4
Vietnam,2000,804,1.27,64.4
Vanuatu,1990,2630,0,55.6
Vanuatu,1991,2620,0.0,55.6
Vanuatu,1992,2570,0.0,55.6
Vanuatu,1993,2730,0.0,55.6
Vanuatu,1994,2690,0,55.6
Vanuatu,1995,2690,0.0568,55.6
Vanuatu,1996,2770,0.14,55.6
Vanuatu,1997,2760,0.27399999999999997,55.6
Vanuatu,1998,2720,0.5379999999999999,55.6
Vanuatu,1999,2820,2.11,55.6
Vanuatu,2000,2660,2.83,55.6
Yemen,1990,1010,0,23.8
Yemen,1991,1040,0.0,23.8
Yemen,1992,1030,0.0,23.8
Yemen,1993,1050,0.0,23.8
Yemen,1994,1060,0,23.8
Yemen,1995,1070,0.00062,23.8
Yemen,1996,1090,0.015,23.8
Yemen,1997,1120,0.0233,23.8
Yemen,1998,1130,0.0566,23.8
Yemen,1999,1170,0.0825,23.8
Yemen,2000,1180,0.0908,23.8
South Africa,1990,5850,0.0133,38.8
South Africa,1991,5590,0.0389,41.9
South Africa,1992,5520,0.114,41.9
South Africa,1993,5560,0.247,59.4
South Africa,1994,5620,0.677,59.4
South Africa,1995,5750,0.8420000000000001,65.0
South Africa,1996,5790,1.63,65.0
South Africa,1997,5730,2.91,67.5
South Africa,1998,5780,4.12,70.6
South Africa,1999,5940,5.35,76.3
South Africa,2000,6020,6.35,76.3
Zambia,1990,1020,0,57.5
Zambia,1991,975,0.0,57.5
Zambia,1992,1020,0.0,60.6
Zambia,1993,907,0.00678,60.6
Zambia,1994,910,0.00878,60.6
Zambia,1995,941,0.00907,60.6
Zambia,1996,951,0.00933,60.6
Zambia,1997,921,0.0302,60.6
Zambia,1998,938,0.147,60.6
Zambia,1999,949,0.191,60.6
Zambia,2000,973,0.233,60.6
Zimbabwe,1990,1430,0,55.0
Zimbabwe,1991,1270,0.0,57.5
Zimbabwe,1992,1270,0.0,57.5
Zimbabwe,1993,1360,0.0017399999999999998,66.9
Zimbabwe,1994,1350,0.00768,66.9
Zimbabwe,1995,1470,0.0168,66.9
Zimbabwe,1996,1490,0.0331,66.9
Zimbabwe,1997,1520,0.0817,66.9
Zimbabwe,1998,1500,0.162,70.0
Zimbabwe,1999,1450,0.401,70.0
Zimbabwe,2000,1460,0.8,70.0
