,album.album_type,album.artists,album.available_markets,album.external_urls.spotify,album.href,album.id,album.images,album.name,album.release_date,album.release_date_precision,album.total_tracks,album.type,album.uri,artists,available_markets,disc_number,duration_ms,episode,explicit,external_ids.isrc,external_urls.spotify,href,id,is_local,name,popularity,preview_url,track,track_number,type,uri,acousticness,danceability,energy,instrumentalness,liveness,loudness,speechiness,tempo,valence,key,sample size,Year
0,,,,,,,,,,,14.083333333333334,,,,,1.0,224076.41666666666,0.0,0.0,,,,,0.0,,63.166666666666664,,1.0,3.5833333333333335,,,0.08770416666666665,0.6250833333333334,0.7854166666666668,0.000541645,0.28845,-6.140083333333334,0.05665,131.698,0.6435000000000001,C,12,2000.0
1,,,,,,,,,,,14.818181818181818,,,,,1.0,252902.63636363635,0.0,0.09090909090909091,,,,,0.0,,57.45454545454545,,1.0,4.363636363636363,,,0.18934681818181814,0.6606363636363637,0.6748181818181818,0.00045201000000000003,0.16531818181818184,-5.979181818181818,0.04722727272727272,117.86972727272725,0.4982090909090909,C#/Db,11,2000.0
2,,,,,,,,,,,12.666666666666666,,,,,1.0,264606.22222222225,0.0,0.2222222222222222,,,,,0.0,,56.77777777777778,,1.0,5.222222222222222,,,0.08521572222222222,0.653888888888889,0.7513333333333334,0.0010901666666666668,0.14552222222222222,-6.319222222222222,0.05563333333333334,123.58,0.6548888888888889,D,9,2000.0
3,,,,,,,,,,,11.5,,,,,1.0,249071.5,0.0,0.0,,,,,0.0,,66.5,,1.0,4.5,,,0.05297,0.67225,0.823,0.0017225,0.18555,-6.0,0.041975,121.02625,0.6237499999999999,D#/Eb,4,2000.0
4,,,,,,,,,,,13.333333333333334,,,,,1.0,243072.83333333334,0.0,0.3333333333333333,,,,,0.0,,54.5,,1.0,3.8333333333333335,,,0.1990333333333333,0.6541666666666667,0.7761666666666667,6.765166666666666e-05,0.09241666666666666,-6.138666666666666,0.07203333333333334,94.682,0.673,E,6,2000.0
5,,,,,,,,,,,15.6,,,,,1.0,266991.6,0.0,0.2,,,,,0.0,,67.2,,1.0,10.0,,,0.15244,0.7396,0.7091999999999999,0.000762,0.11070000000000002,-5.1216,0.06032,120.1754,0.6888,F,5,2000.0
6,,,,,,,,,,,13.5,,,,,1.0,249437.125,0.0,0.0,,,,,0.0,,63.625,,1.0,3.875,,,0.18335375,0.6768749999999999,0.705875,0.00372368,0.12302500000000001,-6.2669999999999995,0.09079999999999999,112.37587500000001,0.675125,F#/Gb,8,2000.0
7,,,,,,,,,,,19.0,,,,,1.0,240091.7857142857,0.0,0.0,,,,,0.0,,56.5,,1.0,3.642857142857143,,,0.05924721428571428,0.6152142857142857,0.7355714285714284,0.009756512142857143,0.17250000000000001,-6.817857142857143,0.05266428571428572,125.77857142857142,0.6668571428571429,G,14,2000.0
8,,,,,,,,,,,14.181818181818182,,,,,1.0909090909090908,224869.0909090909,0.0,0.09090909090909091,,,,,0.0,,62.63636363636363,,1.0,4.545454545454546,,,0.20107454545454545,0.7338181818181817,0.7482727272727273,0.061618848181818196,0.17357272727272727,-5.593181818181818,0.07698181818181818,123.73627272727272,0.7917272727272727,G#/Ab,11,2000.0
9,,,,,,,,,,,13.666666666666666,,,,,1.0,240835.33333333334,0.0,0.0,,,,,0.0,,64.66666666666667,,1.0,4.0,,,0.13870000000000002,0.6783333333333333,0.7760000000000001,3.766666666666666e-05,0.1014,-6.102,0.0449,106.36833333333334,0.649,A,3,2000.0
10,,,,,,,,,,,16.0,,,,,1.1428571428571428,243407.42857142858,0.0,0.14285714285714285,,,,,0.0,,57.0,,1.0,4.571428571428571,,,0.17502142857142852,0.6711428571428572,0.7654285714285715,0.07200038,0.13458571428571428,-6.5161428571428575,0.0769,127.09785714285715,0.6267142857142858,A#/Bb,7,2000.0
11,,,,,,,,,,,12.9,,,,,1.0,256387.6,0.0,0.2,,,,,0.0,,69.4,,1.0,4.2,,,0.054069,0.6559999999999999,0.8431999999999998,0.03337564,0.21178,-5.7542,0.08922,134.55980000000002,0.591,B,10,2000.0
0,,,,,,,,,,,14.307692307692308,,,,,1.0,231787.38461538462,0.0,0.07692307692307693,,,,,0.0,,60.53846153846154,,1.0,6.769230769230769,,,0.16861638461538464,0.6282307692307693,0.6706153846153846,0.027535146153846154,0.2061384615384615,-6.434923076923075,0.07460769230769229,117.4263846153846,0.4816923076923078,C,13,2001.0
1,,,,,,,,,,,15.0,,,,,1.0,234805.16666666666,0.0,0.3333333333333333,,,,,0.0,,62.0,,1.0,5.916666666666667,,,0.07313966666666667,0.68025,0.7848333333333336,0.00023803916666666666,0.16769166666666666,-5.426083333333334,0.16179166666666664,108.65250000000002,0.7062499999999999,C#/Db,12,2001.0
2,,,,,,,,,,,13.88888888888889,,,,,1.0,260685.33333333334,0.0,0.0,,,,,0.0,,49.77777777777778,,1.0,4.222222222222222,,,0.10027666666666665,0.685,0.787,0.007593377777777779,0.17634444444444447,-5.605333333333333,0.06547777777777777,135.47811111111113,0.7264444444444444,D,9,2001.0
3,,,,,,,,,,,14.333333333333334,,,,,1.0,338088.3333333333,0.0,0.0,,,,,0.0,,59.333333333333336,,1.0,3.6666666666666665,,,0.126537,0.623,0.7796666666666666,0.048666666666666664,0.18133333333333335,-6.271999999999999,0.10099999999999999,95.94,0.517,D#/Eb,3,2001.0
4,,,,,,,,,,,16.142857142857142,,,,,1.0,246988.14285714287,0.0,0.14285714285714285,,,,,0.0,,64.57142857142857,,1.0,3.5714285714285716,,,0.07314,0.7524285714285714,0.7284285714285714,0.0005755871428571428,0.24518571428571428,-5.396571428571429,0.15072857142857146,120.23071428571428,0.7105714285714286,E,7,2001.0
5,,,,,,,,,,,15.818181818181818,,,,,1.0909090909090908,235953.45454545456,0.0,0.09090909090909091,,,,,0.0,,58.18181818181818,,1.0,5.636363636363637,,,0.20782727272727272,0.7205454545454546,0.7510000000000001,0.005195554545454546,0.2208909090909091,-4.757272727272727,0.06778181818181818,109.32981818181817,0.7456363636363637,F,11,2001.0
6,,,,,,,,,,,15.333333333333334,,,,,1.0,253223.41666666666,0.0,0.08333333333333333,,,,,0.0,,59.25,,1.0,6.416666666666667,,,0.13060750000000002,0.7114166666666667,0.7594166666666667,0.0062310025,0.18399999999999994,-5.30575,0.12105833333333332,107.96308333333333,0.6726666666666666,F#/Gb,12,2001.0
7,,,,,,,,,,,14.714285714285714,,,,,1.0,230703.7142857143,0.0,0.2857142857142857,,,,,0.0,,59.714285714285715,,1.0,6.428571428571429,,,0.07635714285714287,0.7387142857142858,0.7372857142857143,0.00020698571428571431,0.1867857142857143,-6.460571428571429,0.07188571428571429,112.26942857142856,0.6881428571428572,G,7,2001.0
8,,,,,,,,,,,14.5,,,,,1.0,229923.0,0.0,0.125,,,,,0.0,,60.875,,1.0,2.0,,,0.22333750000000002,0.6588750000000001,0.666125,0.003518815,0.09792500000000001,-6.0607500000000005,0.045274999999999996,113.87837499999999,0.6388750000000001,G#/Ab,8,2001.0
9,,,,,,,,,,,15.0,,,,,1.0,241391.8,0.0,0.2,,,,,0.0,,60.4,,1.0,3.8,,,0.19457999999999998,0.679,0.7164,0.13832686000000002,0.18460000000000001,-6.3192,0.10138,116.37379999999999,0.7531999999999999,A,5,2001.0
10,,,,,,,,,,,11.857142857142858,,,,,1.0,250948.42857142858,0.0,0.0,,,,,0.0,,52.857142857142854,,1.0,3.857142857142857,,,0.15033428571428573,0.6434285714285715,0.6915714285714286,0.0028477171428571424,0.2212714285714286,-5.164142857142857,0.06251428571428572,106.5512857142857,0.6237142857142857,A#/Bb,7,2001.0
11,,,,,,,,,,,16.5,,,,,1.0,238975.16666666666,0.0,0.16666666666666666,,,,,0.0,,60.333333333333336,,1.0,6.833333333333333,,,0.2926666666666667,0.6275000000000001,0.5821666666666666,0.011434999999999999,0.16780000000000003,-7.0183333333333335,0.0588,120.39066666666666,0.523,B,6,2001.0
0,,,,,,,,,,,14.75,,,,,1.0,216496.5,0.0,0.125,,,,,0.0,,63.25,,1.0,3.375,,,0.1550772375,0.625,0.737375,2.565e-06,0.18442499999999998,-6.073875,0.0727375,112.626125,0.688,C,8,2002.0
1,,,,,,,,,,,15.0,,,,,1.0,246920.81818181818,0.0,0.36363636363636365,,,,,0.0,,62.63636363636363,,1.0,4.7272727272727275,,,0.09958545454545455,0.7258181818181819,0.6998181818181817,0.00019744818181818182,0.10589090909090909,-5.587909090909091,0.11607272727272727,122.70100000000001,0.7346363636363636,C#/Db,11,2002.0
2,,,,,,,,,,,18.545454545454547,,,,,1.0,238467.45454545456,0.0,0.2727272727272727,,,,,0.0,,58.45454545454545,,1.0,4.7272727272727275,,,0.13500436363636362,0.6483636363636364,0.6909090909090909,0.009443921818181818,0.13601818181818184,-5.612818181818181,0.07421818181818181,125.61754545454546,0.5826363636363637,D,11,2002.0
3,,,,,,,,,,,13.4,,,,,1.0,237228.8,0.0,0.0,,,,,0.0,,65.2,,1.0,4.8,,,0.14787599999999998,0.5952,0.7492,0.010363599999999999,0.12806,-5.2254,0.05678,110.5454,0.46659999999999996,D#/Eb,5,2002.0
4,,,,,,,,,,,13.428571428571429,,,,,1.0,242374.85714285713,0.0,0.14285714285714285,,,,,0.0,,55.57142857142857,,1.0,2.857142857142857,,,0.06136785714285715,0.6625714285714286,0.7454285714285714,0.09514384857142857,0.17004285714285716,-5.227571428571429,0.08322857142857143,129.13042857142858,0.6201428571428572,E,7,2002.0
5,,,,,,,,,,,16.4,,,,,1.0,236043.5,0.0,0.1,,,,,0.0,,54.4,,1.0,5.9,,,0.257416,0.6695,0.6862999999999999,0.001458185,0.24090999999999996,-6.4033,0.10652999999999999,96.5094,0.5316,F,10,2002.0
6,,,,,,,,,,,19.0,,,,,1.0,256508.36363636365,0.0,0.2727272727272727,,,,,0.0,,57.72727272727273,,1.0,7.090909090909091,,,0.12424454545454547,0.6630909090909092,0.7673636363636365,0.0033265118181818186,0.2211636363636364,-5.364454545454545,0.1524,100.87690909090908,0.6262727272727273,F#/Gb,11,2002.0
7,,,,,,,,,,,14.857142857142858,,,,,1.0,244426.57142857142,0.0,0.2857142857142857,,,,,0.0,,61.57142857142857,,1.0,3.857142857142857,,,0.08431142857142858,0.6872857142857143,0.6941428571428572,0.0007079657142857142,0.2906571428571429,-5.606428571428571,0.09584285714285715,108.32214285714288,0.6047142857142858,G,7,2002.0
8,,,,,,,,,,,13.0,,,,,1.0,232524.11111111112,0.0,0.1111111111111111,,,,,0.0,,60.22222222222222,,1.0,4.222222222222222,,,0.13350666666666666,0.634888888888889,0.6885555555555556,0.0017780266666666668,0.1850333333333333,-5.4270000000000005,0.07625555555555556,111.07533333333335,0.631,G#/Ab,9,2002.0
9,,,,,,,,,,,27.833333333333332,,,,,1.0,239702.0,0.0,0.5,,,,,0.0,,62.333333333333336,,1.0,11.5,,,0.05415203333333334,0.6694999999999999,0.7115,5.725e-06,0.11293333333333333,-5.4864999999999995,0.12396666666666667,133.24749999999997,0.5383333333333333,A,6,2002.0
10,,,,,,,,,,,14.285714285714286,,,,,1.0,226830.14285714287,0.0,0.14285714285714285,,,,,0.0,,58.285714285714285,,1.0,4.571428571428571,,,0.2577642857142857,0.578,0.5862857142857143,0.0015736271428571428,0.1268857142857143,-6.403714285714286,0.11598571428571429,119.5582857142857,0.49271428571428577,A#/Bb,7,2002.0
11,,,,,,,,,,,15.125,,,,,1.0,224734.75,0.0,0.25,,,,,0.0,,60.75,,1.0,2.875,,,0.09463875,0.704375,0.782625,0.00022575,0.1701875,-4.6499999999999995,0.0846125,113.100875,0.6785,B,8,2002.0
0,,,,,,,,,,,13.0,,,,,1.0,230831.0,0.0,0.3333333333333333,,,,,0.0,,55.333333333333336,,1.0,2.3333333333333335,,,0.3068666666666667,0.693,0.582,0.0,0.18883333333333333,-5.349333333333334,0.19573333333333334,121.825,0.48066666666666674,C,3,2003.0
1,,,,,,,,,,,18.733333333333334,,,,,1.1333333333333333,243144.53333333333,0.0,0.3333333333333333,,,,,0.0,,60.666666666666664,,1.0,6.066666666666666,,,0.11937533333333333,0.7331333333333332,0.718,0.04200038733333333,0.13130666666666665,-6.2317333333333345,0.15439333333333333,103.02199999999999,0.6033333333333333,C#/Db,15,2003.0
2,,,,,,,,,,,25.0,,,,,1.0,275445.14285714284,0.0,0.42857142857142855,,,,,0.0,,60.714285714285715,,1.0,9.714285714285714,,,0.06944285714285714,0.7567142857142858,0.7510000000000001,0.0003282714285714286,0.1619,-4.835714285714286,0.2062571428571429,116.91371428571428,0.6109428571428571,D,7,2003.0
3,,,,,,,,,,,14.0,,,,,1.0,294693.0,0.0,0.0,,,,,0.0,,61.0,,1.0,1.0,,,0.107,0.733,0.521,0.0,0.0692,-3.657,0.0457,112.913,0.525,D#/Eb,1,2003.0
4,,,,,,,,,,,15.75,,,,,1.0,231503.125,0.0,0.125,,,,,0.0,,67.75,,1.0,4.25,,,0.16183875,0.6223749999999999,0.794,7.577125e-05,0.21864999999999998,-4.8256250000000005,0.137925,129.96125,0.621,E,8,2003.0
5,,,,,,,,,,,19.428571428571427,,,,,1.0,239731.14285714287,0.0,0.21428571428571427,,,,,0.0,,62.92857142857143,,1.0,6.0,,,0.2817492857142857,0.639,0.6442142857142857,0.02073119285714286,0.12762857142857142,-6.126642857142859,0.0714,107.30971428571429,0.4622285714285714,F,14,2003.0
6,,,,,,,,,,,15.571428571428571,,,,,1.0,238206.35714285713,0.0,0.42857142857142855,,,,,0.0,,62.92857142857143,,1.0,5.428571428571429,,,0.139795,0.701,0.758,0.05086419571428571,0.2376,-5.383428571428572,0.20718571428571428,102.21928571428575,0.7327857142857143,F#/Gb,14,2003.0
7,,,,,,,,,,,17.0,,,,,1.1111111111111112,252657.44444444444,0.0,0.3333333333333333,,,,,0.0,,59.55555555555556,,1.0,9.11111111111111,,,0.17148299999999997,0.6317777777777777,0.6475555555555556,1.6177777777777778e-06,0.1810888888888889,-6.553666666666667,0.08117777777777778,124.21477777777778,0.5449111111111111,G,9,2003.0
8,,,,,,,,,,,14.5,,,,,1.0,250104.625,0.0,0.0,,,,,0.0,,61.25,,1.0,4.125,,,0.19169375,0.6779999999999999,0.7344999999999999,0.09971773625,0.145125,-5.175,0.08201249999999999,98.18249999999999,0.6930000000000001,G#/Ab,8,2003.0
9,,,,,,,,,,,15.714285714285714,,,,,1.0,211388.14285714287,0.0,0.42857142857142855,,,,,0.0,,68.57142857142857,,1.0,3.5714285714285716,,,0.14895185714285716,0.6648571428571428,0.6257142857142857,0.12561450999999998,0.12050000000000001,-5.454142857142857,0.15388571428571426,134.79514285714285,0.5861428571428571,A,7,2003.0
10,,,,,,,,,,,16.6,,,,,1.0,247554.4,0.0,0.2,,,,,0.0,,60.8,,1.0,7.8,,,0.38502000000000003,0.6464,0.6736000000000001,8.699999999999999e-07,0.12916,-5.9064,0.11013999999999999,116.5164,0.6264000000000001,A#/Bb,5,2003.0
11,,,,,,,,,,,13.777777777777779,,,,,1.0,242870.11111111112,0.0,0.1111111111111111,,,,,0.0,,64.22222222222223,,1.0,3.3333333333333335,,,0.08486722222222222,0.5931111111111111,0.7293333333333334,0.016191038888888887,0.15755555555555556,-5.762111111111111,0.0661,141.19655555555556,0.6642222222222222,B,9,2003.0
0,,,,,,,,,,,18.166666666666668,,,,,1.0833333333333333,237126.75,0.0,0.3333333333333333,,,,,0.0,,60.75,,1.0,6.666666666666667,,,0.13011583333333335,0.711,0.7598333333333334,3.995833333333333e-06,0.11409166666666666,-5.644833333333334,0.079725,111.53975000000001,0.6352499999999999,C,12,2004.0
1,,,,,,,,,,,14.857142857142858,,,,,1.0,243221.42857142858,0.0,0.5,,,,,0.0,,61.57142857142857,,1.0,4.071428571428571,,,0.1114276,0.7342142857142857,0.7217857142857144,0.018150447857142853,0.1644857142857143,-5.135642857142857,0.1303857142857143,124.81207142857143,0.6541428571428571,C#/Db,14,2004.0
2,,,,,,,,,,,13.7,,,,,1.0,251803.6,0.0,0.2,,,,,0.0,,62.5,,1.0,4.3,,,0.14660600000000001,0.6164000000000001,0.7539,1.95e-06,0.17861,-4.4708,0.11400000000000002,138.589,0.5829000000000001,D,10,2004.0
3,,,,,,,,,,,17.0,,,,,1.0,212019.5,0.0,0.5,,,,,0.0,,67.5,,1.0,9.5,,,0.79,0.5175000000000001,0.5589999999999999,4.285e-05,0.2165,-8.769,0.17835,98.4555,0.4145,D#/Eb,2,2004.0
4,,,,,,,,,,,22.0,,,,,1.25,239926.5,0.0,0.25,,,,,0.0,,69.75,,1.0,7.5,,,0.077925,0.706,0.8330000000000001,0.000133355,0.2835,-4.79525,0.1276,106.28675000000001,0.7320249999999999,E,4,2004.0
5,,,,,,,,,,,15.833333333333334,,,,,1.0,225663.0,0.0,0.08333333333333333,,,,,0.0,,58.0,,1.0,3.5833333333333335,,,0.12374583333333333,0.7215000000000001,0.7465833333333333,0.0021806425,0.19037500000000004,-5.154666666666667,0.11040833333333333,112.31374999999998,0.69575,F,12,2004.0
6,,,,,,,,,,,13.5,,,,,1.0,210755.16666666666,0.0,0.16666666666666666,,,,,0.0,,58.0,,1.0,4.0,,,0.11108666666666665,0.6718333333333333,0.6576666666666666,0.005517998333333333,0.15125,-5.895333333333333,0.09136666666666667,111.234,0.5841666666666667,F#/Gb,6,2004.0
7,,,,,,,,,,,14.333333333333334,,,,,1.0,224604.08333333334,0.0,0.16666666666666666,,,,,0.0,,58.916666666666664,,1.0,4.666666666666667,,,0.13997088333333332,0.6302500000000001,0.7624999999999998,0.05523969333333333,0.17173333333333332,-5.6465,0.09895833333333333,120.16991666666668,0.5273333333333333,G,12,2004.0
8,,,,,,,,,,,15.857142857142858,,,,,1.0,248346.42857142858,0.0,0.5714285714285714,,,,,0.0,,60.857142857142854,,1.0,5.142857142857143,,,0.15681714285714285,0.7018571428571428,0.7309999999999999,0.0005685142857142857,0.18077142857142858,-5.079428571428572,0.18280000000000002,113.47042857142857,0.5987142857142856,G#/Ab,7,2004.0
9,,,,,,,,,,,14.4,,,,,1.0,266663.6,0.0,0.4,,,,,0.0,,61.8,,1.0,4.0,,,0.27056,0.6598,0.6696000000000001,0.000886,0.13807999999999998,-6.5344,0.17138,106.27739999999999,0.5546,A,5,2004.0
10,,,,,,,,,,,15.333333333333334,,,,,1.0,230997.5,0.0,0.3333333333333333,,,,,0.0,,62.833333333333336,,1.0,2.8333333333333335,,,0.06812833333333333,0.7148333333333334,0.7748333333333334,0.00019228833333333333,0.25125000000000003,-5.129499999999999,0.15669999999999998,113.98183333333334,0.6661666666666667,A#/Bb,6,2004.0
11,,,,,,,,,,,18.4,,,,,1.1,233725.0,0.0,0.4,,,,,0.0,,59.4,,1.0,6.1,,,0.10029999999999999,0.8076000000000001,0.7828,0.0008137,0.16813,-5.1530000000000005,0.16404,124.41699999999999,0.6668000000000001,B,10,2004.0
0,,,,,,,,,,,14.428571428571429,,,,,1.0,218975.0,0.0,0.2857142857142857,,,,,0.0,,62.42857142857143,,1.0,5.0,,,0.17612857142857144,0.7060000000000001,0.6101428571428571,4.6514285714285715e-05,0.18207142857142858,-7.054142857142858,0.09604285714285712,100.49857142857142,0.497,C,7,2005.0
1,,,,,,,,,,,15.384615384615385,,,,,1.0,239278.53846153847,0.0,0.3076923076923077,,,,,0.0,,65.38461538461539,,1.0,4.076923076923077,,,0.06051869230769231,0.6894615384615386,0.6816923076923077,0.0004764192307692307,0.14557692307692308,-5.364384615384615,0.16597692307692305,109.81223076923078,0.4773846153846154,C#/Db,13,2005.0
2,,,,,,,,,,,13.4,,,,,1.0,209805.0,0.0,0.4,,,,,0.0,,61.4,,1.0,4.4,,,0.23049999999999998,0.6376,0.7450000000000001,0.1386618,0.27575999999999995,-4.6426,0.12688,101.76780000000001,0.6308,D,5,2005.0
3,,,,,,,,,,,15.0,,,,,1.0,247799.66666666666,0.0,0.3333333333333333,,,,,0.0,,76.66666666666667,,1.0,6.666666666666667,,,0.27266666666666667,0.5776666666666667,0.6203333333333333,0.0017996000000000002,0.18100000000000002,-5.838666666666666,0.09856666666666668,125.08066666666666,0.45133333333333336,D#/Eb,3,2005.0
4,,,,,,,,,,,14.2,,,,,1.0,247889.6,0.0,0.6,,,,,0.0,,67.2,,1.0,3.6,,,0.12252,0.7094,0.7148000000000001,0.002758,0.06738,-5.706799999999999,0.11712,118.82719999999999,0.48480000000000006,E,5,2005.0
5,,,,,,,,,,,17.7,,,,,1.0,229785.1,0.0,0.2,,,,,0.0,,65.5,,1.0,8.3,,,0.166607,0.7263,0.6383,0.000179124,0.24128000000000002,-6.5063,0.1038,106.9088,0.5993,F,10,2005.0
6,,,,,,,,,,,13.142857142857142,,,,,1.0,204784.57142857142,0.0,0.0,,,,,0.0,,63.57142857142857,,1.0,4.714285714285714,,,0.13735,0.6699999999999999,0.7057142857142857,5.971428571428572e-05,0.12797142857142857,-6.8061428571428575,0.07742857142857143,108.43357142857144,0.6555714285714285,F#/Gb,7,2005.0
7,,,,,,,,,,,12.625,,,,,1.0,239199.625,0.0,0.25,,,,,0.0,,67.5,,1.0,3.625,,,0.1548976875,0.7009375,0.576875,0.000253873125,0.14284375000000002,-7.352499999999999,0.12822499999999998,117.247375,0.5221875,G,16,2005.0
8,,,,,,,,,,,11.285714285714286,,,,,1.0,245601.57142857142,0.0,0.42857142857142855,,,,,0.0,,57.285714285714285,,1.0,2.0,,,0.030681714285714284,0.6362857142857142,0.742,7.448571428571428e-05,0.08424285714285715,-4.304714285714286,0.12201428571428571,123.56857142857143,0.5579999999999999,G#/Ab,7,2005.0
9,,,,,,,,,,,13.916666666666666,,,,,1.0833333333333333,226772.0,0.0,0.16666666666666666,,,,,0.0,,57.25,,1.0,3.75,,,0.10059166666666668,0.6145833333333334,0.6984166666666667,0.018533323333333334,0.09626666666666667,-5.020583333333334,0.07784166666666666,110.55058333333334,0.5509999999999999,A,12,2005.0
10,,,,,,,,,,,15.222222222222221,,,,,1.0,242807.0,0.0,0.3333333333333333,,,,,0.0,,48.0,,1.0,6.555555555555555,,,0.24397577777777776,0.6016666666666667,0.6184444444444446,0.00035055777777777777,0.16785555555555554,-6.520444444444445,0.10513333333333336,108.16955555555555,0.4971111111111111,A#/Bb,9,2005.0
11,,,,,,,,,,,14.333333333333334,,,,,1.0,246821.83333333334,0.0,0.16666666666666666,,,,,0.0,,53.833333333333336,,1.0,4.333333333333333,,,0.13331883333333333,0.5453333333333333,0.7319999999999999,3.8736666666666665e-05,0.25116666666666665,-5.585166666666667,0.1485,123.60533333333332,0.4968333333333334,B,6,2005.0
0,,,,,,,,,,,16.0,,,,,1.0,240567.6,0.0,0.0,,,,,0.0,,70.2,,1.0,6.8,,,0.21688200000000002,0.5757999999999999,0.66,0.0026003019999999996,0.18724000000000002,-7.2562,0.05616,131.9566,0.532,C,5,2006.0
1,,,,,,,,,,,14.857142857142858,,,,,1.0,235907.2142857143,0.0,0.5,,,,,0.0,,64.92857142857143,,1.0,3.857142857142857,,,0.10986214285714284,0.7184285714285714,0.6835714285714286,2.2174285714285718e-05,0.20438571428571425,-5.4195714285714285,0.19730714285714285,113.79650000000002,0.5679285714285714,C#/Db,14,2006.0
2,,,,,,,,,,,15.7,,,,,1.0,242262.3,0.0,0.2,,,,,0.0,,62.3,,1.0,5.3,,,0.14852,0.5927,0.7172999999999999,0.069034686,0.27137,-5.537100000000001,0.10453000000000001,126.34729999999999,0.5243,D,10,2006.0
3,,,,,,,,,,,11.333333333333334,,,,,1.0,204626.33333333334,0.0,0.0,,,,,0.0,,56.333333333333336,,1.0,2.3333333333333335,,,0.003058,0.5543333333333333,0.7353333333333333,0.0,0.23706666666666668,-4.148666666666666,0.049133333333333334,130.04733333333334,0.7046666666666667,D#/Eb,3,2006.0
4,,,,,,,,,,,14.375,,,,,1.0,217609.75,0.0,0.125,,,,,0.0,,53.25,,1.0,3.875,,,0.19481375,0.6945,0.654875,0.0003439175,0.251675,-6.01625,0.1580125,96.343625,0.657375,E,8,2006.0
5,,,,,,,,,,,12.625,,,,,1.0,235976.25,0.0,0.125,,,,,0.0,,54.625,,1.0,2.875,,,0.08029,0.651125,0.7097500000000001,0.0,0.1352625,-5.331875,0.048,112.51774999999999,0.507,F,8,2006.0
6,,,,,,,,,,,12.8,,,,,1.0,240943.6,0.0,0.2,,,,,0.0,,67.0,,1.0,3.6,,,0.06033619999999999,0.624,0.6912,7.2376e-05,0.24420000000000003,-6.0174,0.09985999999999999,107.686,0.5462,F#/Gb,5,2006.0
7,,,,,,,,,,,12.764705882352942,,,,,1.0,221481.17647058822,0.0,0.058823529411764705,,,,,0.0,,61.529411764705884,,1.0,2.9411764705882355,,,0.060182941176470585,0.6415882352941177,0.7891764705882354,0.010379315294117647,0.16960000000000003,-4.906882352941176,0.12962352941176472,130.7805294117647,0.615764705882353,G,17,2006.0
8,,,,,,,,,,,14.222222222222221,,,,,1.1111111111111112,221770.0,0.0,0.1111111111111111,,,,,0.0,,53.666666666666664,,1.0,4.777777777777778,,,0.1441611111111111,0.6307777777777778,0.6402222222222222,0.0008101488888888889,0.13124444444444444,-5.406444444444444,0.06863333333333334,108.43011111111112,0.5787777777777777,G#/Ab,9,2006.0
9,,,,,,,,,,,13.875,,,,,1.0,218784.625,0.0,0.125,,,,,0.0,,52.375,,1.0,3.5,,,0.20234000000000002,0.58325,0.6408750000000001,8.255e-06,0.12006249999999999,-6.123,0.09283750000000002,115.51775,0.47062499999999996,A,8,2006.0
10,,,,,,,,,,,11.571428571428571,,,,,1.0,233418.7142857143,0.0,0.14285714285714285,,,,,0.0,,70.14285714285714,,1.0,2.2857142857142856,,,0.116689,0.6352857142857145,0.8424285714285714,1.0822857142857141e-05,0.25771428571428573,-5.215571428571429,0.11512857142857143,121.6237142857143,0.5787142857142857,A#/Bb,7,2006.0
11,,,,,,,,,,,14.833333333333334,,,,,1.0,211233.5,0.0,0.16666666666666666,,,,,0.0,,68.66666666666667,,1.0,5.666666666666667,,,0.05723700000000001,0.5944999999999999,0.8306666666666667,0.008079616666666666,0.2729,-4.6834999999999996,0.13048333333333334,125.51316666666666,0.5513333333333333,B,6,2006.0
0,,,,,,,,,,,14.647058823529411,,,,,1.0,237402.76470588235,0.0,0.29411764705882354,,,,,0.0,,61.35294117647059,,1.0,3.9411764705882355,,,0.14666117647058824,0.684,0.6874117647058824,0.0045125700000000005,0.1672352941176471,-6.1419411764705885,0.08438823529411765,117.99905882352942,0.6423529411764705,C,17,2007.0
1,,,,,,,,,,,11.947368421052632,,,,,1.0,242072.05263157896,0.0,0.15789473684210525,,,,,0.0,,61.1578947368421,,1.0,4.684210526315789,,,0.15366237894736842,0.6460526315789474,0.7436842105263158,0.006891032105263158,0.19818947368421053,-5.3140526315789485,0.09418421052631577,114.00531578947368,0.6547368421052632,C#/Db,19,2007.0
2,,,,,,,,,,,11.666666666666666,,,,,1.0,236756.0,0.0,0.16666666666666666,,,,,0.0,,73.66666666666667,,1.0,5.666666666666667,,,0.23222500000000001,0.6146666666666666,0.702,0.0002486666666666667,0.20971666666666666,-5.315666666666666,0.042800000000000005,135.924,0.3753333333333333,D,6,2007.0
3,,,,,,,,,,,15.0,,,,,1.0,243586.33333333334,0.0,0.0,,,,,0.0,,64.33333333333333,,1.0,3.3333333333333335,,,0.11628,0.773,0.8213333333333335,0.250552,0.2901666666666667,-6.085000000000001,0.07583333333333332,119.85566666666666,0.7976666666666667,D#/Eb,3,2007.0
4,,,,,,,,,,,13.666666666666666,,,,,1.0,241133.16666666666,0.0,0.16666666666666666,,,,,0.0,,61.833333333333336,,1.0,5.833333333333333,,,0.062695,0.5441666666666667,0.8175,0.0008292,0.18166666666666667,-4.305333333333333,0.050833333333333335,127.83300000000001,0.496,E,6,2007.0
5,,,,,,,,,,,14.5,,,,,1.0,237036.25,0.0,0.125,,,,,0.0,,67.25,,1.0,3.0,,,0.17871625000000002,0.660125,0.7578750000000001,0.00038185625,0.13624999999999998,-5.421125,0.1274,115.30425,0.655,F,8,2007.0
6,,,,,,,,,,,13.0,,,,,1.0,211634.2,0.0,0.0,,,,,0.0,,54.8,,1.0,4.6,,,0.20697200000000002,0.657,0.7485999999999999,0.005801634,0.11299999999999999,-5.0245999999999995,0.0686,125.36800000000001,0.5266,F#/Gb,5,2007.0
7,,,,,,,,,,,14.444444444444445,,,,,1.0,264205.6666666667,0.0,0.3333333333333333,,,,,0.0,,61.22222222222222,,1.0,5.333333333333333,,,0.06756355555555554,0.6327777777777778,0.7514444444444444,0.05206883333333333,0.16667777777777779,-5.3646666666666665,0.08794444444444444,127.67155555555557,0.5427777777777778,G,9,2007.0
8,,,,,,,,,,,14.909090909090908,,,,,1.0909090909090908,225702.63636363635,0.0,0.36363636363636365,,,,,0.0,,58.72727272727273,,1.0,4.7272727272727275,,,0.10538545454545455,0.7405454545454546,0.6992727272727273,0.001409081818181818,0.1093,-5.676363636363636,0.1165909090909091,123.08454545454546,0.623090909090909,G#/Ab,11,2007.0
9,,,,,,,,,,,15.4,,,,,1.0,230687.8,0.0,0.0,,,,,0.0,,67.6,,1.0,5.4,,,0.2408154,0.6294000000000001,0.6938,4.15e-05,0.08334,-5.005800000000001,0.03992,137.02179999999998,0.4418,A,5,2007.0
10,,,,,,,,,,,14.857142857142858,,,,,1.0,235723.2857142857,0.0,0.14285714285714285,,,,,0.0,,60.57142857142857,,1.0,4.285714285714286,,,0.13700714285714286,0.5361428571428571,0.7512857142857143,1.5857142857142856e-07,0.17122857142857142,-4.893142857142857,0.08579999999999999,137.8087142857143,0.419,A#/Bb,7,2007.0
11,,,,,,,,,,,11.75,,,,,1.0,242343.0,0.0,0.25,,,,,0.0,,62.25,,1.0,3.25,,,0.15897,0.70425,0.67,0.00098295,0.34825000000000006,-6.2669999999999995,0.1446,122.62975,0.723,B,4,2007.0
0,,,,,,,,,,,12.7,,,,,1.0,235130.5,0.0,0.2,,,,,0.0,,70.6,,1.0,3.8,,,0.18340800000000002,0.5706,0.6458,0.0004915,0.11957,-5.2717,0.07772,139.8833,0.49169999999999997,C,10,2008.0
1,,,,,,,,,,,13.461538461538462,,,,,1.0,220874.61538461538,0.0,0.23076923076923078,,,,,0.0,,61.53846153846154,,1.0,4.153846153846154,,,0.12067846153846153,0.6563076923076923,0.6945384615384615,0.03849953692307692,0.17553846153846153,-6.157769230769231,0.1322,120.86915384615385,0.4707692307692308,C#/Db,13,2008.0
2,,,,,,,,,,,17.0,,,,,1.0,214744.66666666666,0.0,0.0,,,,,0.0,,58.77777777777778,,1.0,5.444444444444445,,,0.17235999999999999,0.5674444444444444,0.7641111111111111,0.0008282777777777778,0.24202222222222222,-4.533222222222222,0.0769111111111111,147.89233333333334,0.5439111111111111,D,9,2008.0
3,,,,,,,,,,,16.0,,,,,1.0,222933.33333333334,0.0,0.0,,,,,0.0,,58.666666666666664,,1.0,3.3333333333333335,,,0.09136666666666667,0.5773333333333334,0.8570000000000001,2.58e-05,0.18323333333333333,-3.8403333333333336,0.0782,111.63799999999999,0.7280000000000001,D#/Eb,3,2008.0
4,,,,,,,,,,,11.428571428571429,,,,,1.0,206835.85714285713,0.0,0.0,,,,,0.0,,56.0,,1.0,2.0,,,0.05463857142857143,0.6109999999999999,0.815857142857143,0.0010127128571428572,0.18291428571428572,-5.732571428571428,0.06015714285714286,122.42600000000002,0.5535714285714285,E,7,2008.0
5,,,,,,,,,,,15.833333333333334,,,,,1.0,231145.08333333334,0.0,0.16666666666666666,,,,,0.0,,56.583333333333336,,1.0,6.25,,,0.2417525,0.61075,0.6859166666666666,1.8991666666666668e-06,0.2647583333333333,-5.784916666666668,0.05803333333333333,115.57766666666667,0.568275,F,12,2008.0
6,,,,,,,,,,,15.8,,,,,1.0,234005.0,0.0,0.2,,,,,0.0,,71.4,,1.0,3.4,,,0.138194,0.6370000000000001,0.6786000000000001,3.674e-05,0.1987,-5.3606,0.04443999999999999,132.2114,0.5546,F#/Gb,5,2008.0
7,,,,,,,,,,,12.0,,,,,1.0,246879.33333333334,0.0,0.3333333333333333,,,,,0.0,,73.0,,1.0,4.0,,,0.007366833333333333,0.6393333333333333,0.8563333333333333,0.0,0.08753333333333334,-3.9103333333333334,0.03463333333333333,124.349,0.7583333333333333,G,3,2008.0
8,,,,,,,,,,,14.142857142857142,,,,,1.0,230877.7142857143,0.0,0.14285714285714285,,,,,0.0,,65.28571428571429,,1.0,5.571428571428571,,,0.11683857142857144,0.6987142857142857,0.7292857142857142,0.0,0.14264285714285713,-5.018714285714286,0.08991428571428571,129.02299999999997,0.5641428571428572,G#/Ab,7,2008.0
9,,,,,,,,,,,13.357142857142858,,,,,1.0714285714285714,237358.5,0.0,0.14285714285714285,,,,,0.0,,60.42857142857143,,1.0,4.714285714285714,,,0.1027935714285714,0.6772857142857143,0.7832857142857143,0.01442029357142857,0.18336428571428573,-5.4630714285714275,0.08002142857142858,121.49199999999999,0.6521428571428572,A,14,2008.0
10,,,,,,,,,,,12.428571428571429,,,,,1.0,227919.7142857143,0.0,0.14285714285714285,,,,,0.0,,65.28571428571429,,1.0,4.142857142857143,,,0.18352999999999997,0.7174285714285714,0.6875714285714284,0.00017158857142857142,0.16684285714285713,-6.127285714285714,0.07959999999999999,127.22942857142858,0.5037142857142857,A#/Bb,7,2008.0
11,,,,,,,,,,,14.9,,,,,1.0,244973.0,0.0,0.2,,,,,0.0,,71.9,,1.0,3.1,,,0.049108399999999996,0.6960000000000001,0.7647999999999999,7.53e-05,0.17036,-4.3232,0.09418,124.72430000000001,0.5523999999999999,B,10,2008.0
0,,,,,,,,,,,14.23076923076923,,,,,1.0,250172.0,0.0,0.15384615384615385,,,,,0.0,,68.3076923076923,,1.0,4.615384615384615,,,0.112878,0.6128461538461538,0.8150000000000001,0.00016375,0.2705307692307692,-4.586692307692308,0.0643076923076923,126.83484615384614,0.5784615384615385,C,13,2009.0
1,,,,,,,,,,,13.555555555555555,,,,,1.2222222222222223,228390.77777777778,0.0,0.1111111111111111,,,,,0.0,,68.44444444444444,,1.0,3.0,,,0.11318555555555555,0.668,0.7761111111111111,1.4722222222222222e-05,0.19356666666666666,-4.108333333333333,0.11399999999999998,134.8827777777778,0.62,C#/Db,9,2009.0
2,,,,,,,,,,,16.428571428571427,,,,,1.0,229715.85714285713,0.0,0.0,,,,,0.0,,61.42857142857143,,1.0,2.857142857142857,,,0.05014999999999999,0.6577142857142857,0.7624285714285716,1.3428571428571429e-05,0.1389,-4.285,0.06525714285714285,121.85728571428571,0.5664285714285715,D,7,2009.0
3,,,,,,,,,,,13.6,,,,,1.0,207695.6,0.0,0.0,,,,,0.0,,68.6,,1.0,3.8,,,0.046522,0.558,0.8126,1.294e-05,0.20198,-4.32,0.06798,139.0424,0.5599999999999999,D#/Eb,5,2009.0
4,,,,,,,,,,,12.777777777777779,,,,,1.0,224817.55555555556,0.0,0.0,,,,,0.0,,65.77777777777777,,1.0,5.333333333333333,,,0.16506666666666667,0.5886666666666667,0.6835555555555556,1.8222222222222223e-07,0.15355555555555556,-5.838222222222222,0.03666666666666666,126.517,0.482,E,9,2009.0
5,,,,,,,,,,,18.5,,,,,1.125,228966.25,0.0,0.5,,,,,0.0,,61.75,,1.0,4.25,,,0.0819375,0.643125,0.7923749999999999,0.00123625,0.2005,-4.13725,0.138625,126.896625,0.58775,F,8,2009.0
6,,,,,,,,,,,14.555555555555555,,,,,1.0,223656.0,0.0,0.1111111111111111,,,,,0.0,,63.111111111111114,,1.0,6.111111111111111,,,0.05141777777777777,0.6702222222222223,0.7083333333333333,0.0019841144444444443,0.15784444444444443,-5.350888888888888,0.08303333333333332,119.10533333333332,0.5654444444444444,F#/Gb,9,2009.0
7,,,,,,,,,,,14.555555555555555,,,,,1.0,224595.66666666666,0.0,0.3333333333333333,,,,,0.0,,69.44444444444444,,1.0,3.5555555555555554,,,0.08199922222222222,0.681888888888889,0.6920000000000001,0.014135555555555556,0.15393333333333334,-5.696777777777778,0.06834444444444444,127.79466666666667,0.5587777777777777,G,9,2009.0
8,,,,,,,,,,,10.2,,,,,1.0,258327.6,0.0,0.0,,,,,0.0,,67.6,,1.0,3.8,,,0.159164,0.4856,0.7692,1.6359999999999999e-06,0.13434,-4.9372,0.0655,145.216,0.5964,G#/Ab,5,2009.0
9,,,,,,,,,,,16.8,,,,,1.0,239474.4,0.0,0.2,,,,,0.0,,70.4,,1.0,3.4,,,0.073244,0.5648000000000001,0.8406,0.0024219999999999997,0.14956,-4.941799999999999,0.06356,131.324,0.39220000000000005,A,5,2009.0
10,,,,,,,,,,,12.75,,,,,1.0,221691.25,0.0,0.125,,,,,0.0,,67.875,,1.0,3.0,,,0.08787375,0.676625,0.73725,2.595e-05,0.2385625,-5.165125,0.0794,111.015875,0.58325,A#/Bb,8,2009.0
11,,,,,,,,,,,15.615384615384615,,,,,1.0,234391.61538461538,0.0,0.3076923076923077,,,,,0.0,,67.0,,1.0,2.5384615384615383,,,0.12978646153846152,0.6628461538461539,0.7491538461538461,8.244846153846154e-05,0.18323846153846157,-4.900538461538462,0.11100769230769231,134.4276923076923,0.6228461538461538,B,13,2009.0
0,,,,,,,,,,,17.083333333333332,,,,,1.0,234709.75,0.0,0.16666666666666666,,,,,0.0,,67.16666666666667,,1.0,3.8333333333333335,,,0.09626425,0.6758333333333334,0.8158333333333334,4.366666666666667e-06,0.2631833333333333,-4.286833333333333,0.09311666666666667,118.89024999999998,0.6635,C,12,2010.0
1,,,,,,,,,,,13.266666666666667,,,,,1.0,226608.46666666667,0.0,0.4,,,,,0.0,,64.4,,1.0,3.3333333333333335,,,0.13033733333333333,0.7043333333333334,0.7016000000000001,0.00013541533333333335,0.20473999999999998,-5.263199999999999,0.10371333333333332,105.95413333333333,0.5554,C#/Db,15,2010.0
2,,,,,,,,,,,15.2,,,,,1.0,238799.6,0.0,0.0,,,,,0.0,,55.2,,1.0,4.6,,,0.09534,0.6152,0.7342000000000001,1.0519999999999998e-06,0.21957999999999997,-4.0708,0.06154,101.9858,0.5426,D,5,2010.0
3,,,,,,,,,,,14.6,,,,,1.0,227874.2,0.0,0.2,,,,,0.0,,74.0,,1.0,5.2,,,0.023134000000000002,0.5508,0.8219999999999998,0.00016340000000000001,0.20317999999999997,-5.8782,0.18414,125.02060000000002,0.5993999999999999,D#/Eb,5,2010.0
4,,,,,,,,,,,15.0,,,,,1.0,229503.8,0.0,0.0,,,,,0.0,,71.8,,1.0,2.4,,,0.115981,0.6843999999999999,0.7104,3.948e-05,0.22599999999999998,-5.0904,0.0442,118.31479999999999,0.5092,E,5,2010.0
5,,,,,,,,,,,13.125,,,,,1.0,215358.0,0.0,0.0,,,,,0.0,,67.125,,1.0,4.0,,,0.104790175,0.634875,0.7775,0.000174565,0.2160375,-5.9545,0.0631,120.77187500000001,0.61575,F,8,2010.0
6,,,,,,,,,,,10.714285714285714,,,,,1.0,229009.85714285713,0.0,0.2857142857142857,,,,,0.0,,50.857142857142854,,1.0,6.285714285714286,,,0.1870092857142857,0.6364285714285715,0.7074285714285714,0.03214981571428572,0.16858571428571428,-5.848714285714286,0.10329999999999999,107.54385714285715,0.4934285714285714,F#/Gb,7,2010.0
7,,,,,,,,,,,13.0,,,,,1.0,222333.88888888888,0.0,0.2222222222222222,,,,,0.0,,58.666666666666664,,1.0,6.444444444444445,,,0.040674444444444444,0.595,0.8242222222222222,2.3744444444444445e-06,0.22683333333333333,-4.616666666666666,0.0898,122.201,0.5515555555555556,G,9,2010.0
8,,,,,,,,,,,15.125,,,,,1.0,231984.625,0.0,0.25,,,,,0.0,,69.0,,1.0,6.0,,,0.19249375000000002,0.621625,0.736875,2.25425e-05,0.1583,-5.090375,0.1442125,125.82199999999999,0.60425,G#/Ab,8,2010.0
9,,,,,,,,,,,11.5,,,,,1.0,226099.5,0.0,0.5,,,,,0.0,,70.0,,1.0,5.0,,,0.187975,0.54325,0.726,0.0,0.153,-4.5815,0.0784,123.66125000000001,0.31425,A,4,2010.0
10,,,,,,,,,,,13.5,,,,,1.0,229430.625,0.0,0.375,,,,,0.0,,66.0,,1.0,4.0,,,0.1156875,0.65875,0.821375,0.00390426875,0.23807499999999998,-4.385625,0.10641250000000001,117.84925,0.546125,A#/Bb,8,2010.0
11,,,,,,,,,,,14.714285714285714,,,,,1.0,229480.64285714287,0.0,0.21428571428571427,,,,,0.0,,51.857142857142854,,1.0,5.142857142857143,,,0.051307357142857134,0.6049285714285714,0.7607142857142858,0.00011534928571428572,0.17259285714285713,-4.481857142857144,0.1000357142857143,129.81214285714285,0.5471428571428573,B,14,2010.0
0,,,,,,,,,,,14.875,,,,,1.0,248143.125,0.0,0.375,,,,,0.0,,66.625,,1.0,4.25,,,0.1340625,0.602875,0.735125,0.0187504475,0.19611250000000002,-5.988375,0.10571249999999999,114.54262499999999,0.31225,C,8,2011.0
1,,,,,,,,,,,12.6,,,,,1.0,228391.7,0.0,0.2,,,,,0.0,,72.8,,1.0,4.1,,,0.077144,0.7037,0.7423,0.0023017099999999998,0.16576000000000002,-4.717899999999999,0.060520000000000004,128.8189,0.5643999999999999,C#/Db,10,2011.0
2,,,,,,,,,,,14.5,,,,,1.0,227054.3,0.0,0.2,,,,,0.0,,63.2,,1.0,3.8,,,0.091108,0.6798000000000001,0.7483,0.04931034199999999,0.21957,-4.6705000000000005,0.05428000000000001,126.43639999999998,0.5487,D,10,2011.0
3,,,,,,,,,,,18.0,,,,,1.0,235010.4,0.0,0.2,,,,,0.0,,76.6,,1.0,4.0,,,0.179144,0.5908,0.7504,0.00010422,0.25602,-4.808999999999999,0.041600000000000005,114.68299999999999,0.47031999999999996,D#/Eb,5,2011.0
4,,,,,,,,,,,12.0,,,,,1.0,201789.0,0.0,0.0,,,,,0.0,,69.11111111111111,,1.0,2.2222222222222223,,,0.19410777777777777,0.6472222222222221,0.7387777777777778,0.0002977777777777778,0.15582222222222222,-4.865555555555556,0.06365555555555556,120.13433333333334,0.5702222222222221,E,9,2011.0
5,,,,,,,,,,,16.714285714285715,,,,,1.0,233872.14285714287,0.0,0.0,,,,,0.0,,71.0,,1.0,6.428571428571429,,,0.045992857142857134,0.62,0.7114285714285715,0.017073307142857142,0.18845714285714288,-5.676428571428572,0.08894285714285713,134.49857142857144,0.5991428571428571,F,7,2011.0
6,,,,,,,,,,,15.833333333333334,,,,,1.0,234635.5,0.0,0.5,,,,,0.0,,66.83333333333333,,1.0,7.0,,,0.11436999999999999,0.5196666666666667,0.7818333333333333,0.0034981166666666666,0.18018333333333333,-4.46,0.0886,137.65966666666668,0.5428333333333333,F#/Gb,6,2011.0
7,,,,,,,,,,,10.555555555555555,,,,,1.0,213751.0,0.0,0.3333333333333333,,,,,0.0,,70.11111111111111,,1.0,5.444444444444445,,,0.048473333333333334,0.6341111111111111,0.8113333333333334,0.00015296777777777778,0.1791222222222222,-3.873333333333333,0.10520000000000002,129.891,0.6084444444444445,G,9,2011.0
8,,,,,,,,,,,14.333333333333334,,,,,1.0,223104.0,0.0,0.16666666666666666,,,,,0.0,,60.333333333333336,,1.0,3.3333333333333335,,,0.08457833333333335,0.69,0.8283333333333333,0.000284,0.15555000000000002,-4.845833333333333,0.06985000000000001,122.99516666666666,0.5890000000000001,G#/Ab,6,2011.0
9,,,,,,,,,,,11.555555555555555,,,,,1.0,247491.55555555556,0.0,0.0,,,,,0.0,,61.111111111111114,,1.0,5.333333333333333,,,0.3069292222222222,0.6466666666666667,0.5868888888888888,0.003113111111111111,0.13373333333333334,-6.590666666666667,0.04618888888888889,115.63288888888889,0.4151111111111111,A,9,2011.0
10,,,,,,,,,,,14.4,,,,,1.0,250349.2,0.0,0.2,,,,,0.0,,63.8,,1.0,4.4,,,0.1567,0.5700000000000001,0.7788,0.0001922,0.1722,-4.8522,0.06658,124.69859999999998,0.4328,A#/Bb,5,2011.0
11,,,,,,,,,,,15.8125,,,,,1.0625,219513.875,0.0,0.25,,,,,0.0,,60.0625,,1.0,5.1875,,,0.122139125,0.6831875000000001,0.7529375,4.2231874999999996e-05,0.18106875,-5.1686875,0.09518749999999998,130.7223125,0.6299375,B,16,2011.0
0,,,,,,,,,,,13.0,,,,,1.0,226771.77777777778,0.0,0.16666666666666666,,,,,0.0,,65.94444444444444,,1.0,2.9444444444444446,,,0.21805055555555553,0.6321666666666667,0.724,0.009481493888888888,0.15262777777777778,-5.943944444444445,0.07768888888888889,112.94233333333335,0.5072166666666666,C,18,2012.0
1,,,,,,,,,,,15.909090909090908,,,,,1.0,216395.18181818182,0.0,0.09090909090909091,,,,,0.0,,65.36363636363636,,1.0,2.727272727272727,,,0.01595363636363636,0.6652727272727273,0.8080909090909091,0.07581177636363635,0.16275454545454543,-4.447727272727273,0.06437272727272726,126.356,0.6663636363636364,C#/Db,11,2012.0
2,,,,,,,,,,,15.875,,,,,1.0,246014.0,0.0,0.0,,,,,0.0,,64.75,,1.0,4.375,,,0.21532999999999997,0.6255000000000001,0.71025,9.9125e-07,0.1071375,-5.242875,0.0417375,117.630625,0.58175,D,8,2012.0
3,,,,,,,,,,,15.0,,,,,1.0,200284.33333333334,0.0,0.0,,,,,0.0,,72.0,,1.0,5.0,,,0.07281333333333333,0.5623333333333332,0.6836666666666668,8.641e-05,0.24450000000000002,-4.694,0.06946666666666666,97.669,0.5963333333333334,D#/Eb,3,2012.0
4,,,,,,,,,,,20.2,,,,,1.0,225039.8,0.0,0.2,,,,,0.0,,75.0,,1.0,4.8,,,0.163594,0.6848,0.6826000000000001,0.001542,0.16956,-4.5936,0.049620000000000004,125.54079999999999,0.5754,E,5,2012.0
5,,,,,,,,,,,16.75,,,,,1.0,237937.625,0.0,0.0,,,,,0.0,,66.25,,1.0,5.5,,,0.095514625,0.619875,0.7631249999999999,1.12675e-05,0.2087625,-4.83425,0.059275,125.30525,0.52925,F,8,2012.0
6,,,,,,,,,,,14.0,,,,,1.0,224649.5,0.0,0.25,,,,,0.0,,52.0,,1.0,5.25,,,0.105296,0.67175,0.6995,6.95e-05,0.11142500000000001,-4.707,0.106875,119.01125,0.617,F#/Gb,4,2012.0
7,,,,,,,,,,,17.266666666666666,,,,,1.0,220043.33333333334,0.0,0.13333333333333333,,,,,0.0,,61.46666666666667,,1.0,4.733333333333333,,,0.10955693333333333,0.6778,0.7324000000000002,0.0005080053333333333,0.18509333333333328,-5.2564666666666655,0.08238000000000002,116.80513333333333,0.6126666666666666,G,15,2012.0
8,,,,,,,,,,,16.0,,,,,1.0,210047.8,0.0,0.0,,,,,0.0,,59.6,,1.0,4.6,,,0.201142,0.5722,0.7340000000000001,0.012280000000000001,0.24347999999999997,-5.1408000000000005,0.045520000000000005,129.76100000000002,0.46348,G#/Ab,5,2012.0
9,,,,,,,,,,,13.333333333333334,,,,,1.0,218551.16666666666,0.0,0.16666666666666666,,,,,0.0,,72.16666666666667,,1.0,5.666666666666667,,,0.21605833333333332,0.5658333333333333,0.7068333333333333,0.0027055483333333335,0.27901666666666664,-5.413666666666667,0.05388333333333333,108.11233333333332,0.3176666666666666,A,6,2012.0
10,,,,,,,,,,,13.5,,,,,1.0,223974.75,0.0,0.125,,,,,0.0,,72.5,,1.0,3.75,,,0.11318750000000001,0.5762499999999999,0.72475,0.0025897,0.11791249999999999,-5.212999999999999,0.048837500000000006,127.13250000000001,0.517875,A#/Bb,8,2012.0
11,,,,,,,,,,,10.666666666666666,,,,,1.1111111111111112,215552.0,0.0,0.1111111111111111,,,,,0.0,,52.666666666666664,,1.0,3.7777777777777777,,,0.07429666666666666,0.6659999999999999,0.8532222222222222,0.0004580877777777778,0.26260000000000006,-3.9082222222222223,0.08261111111111112,115.58688888888891,0.6324444444444444,B,9,2012.0
0,,,,,,,,,,,9.0,,,,,1.0,212620.27272727274,0.0,0.09090909090909091,,,,,0.0,,36.09090909090909,,1.0,4.090909090909091,,,0.1908088181818182,0.6053636363636364,0.7119090909090908,0.015921845454545454,0.16263636363636366,-6.318363636363637,0.05109090909090908,114.63554545454545,0.505,C,11,2013.0
1,,,,,,,,,,,13.545454545454545,,,,,1.0,231344.18181818182,0.0,0.18181818181818182,,,,,0.0,,61.81818181818182,,1.0,4.363636363636363,,,0.08062636363636365,0.5978181818181818,0.7717272727272728,0.041229957272727276,0.1870272727272727,-4.995909090909091,0.05852727272727273,113.61063636363637,0.4184636363636363,C#/Db,11,2013.0
2,,,,,,,,,,,13.555555555555555,,,,,1.0,241202.55555555556,0.0,0.1111111111111111,,,,,0.0,,68.33333333333333,,1.0,2.888888888888889,,,0.056708888888888885,0.6421111111111111,0.7096666666666667,0.00023958777777777777,0.18284444444444445,-5.870333333333333,0.05344444444444445,117.69888888888889,0.5022222222222222,D,9,2013.0
3,,,,,,,,,,,23.0,,,,,1.0,198613.0,0.0,0.0,,,,,0.0,,80.5,,1.0,6.0,,,0.09727,0.5635,0.5894999999999999,0.000126125,0.15125,-4.9065,0.034199999999999994,83.4785,0.5535,D#/Eb,2,2013.0
4,,,,,,,,,,,11.6,,,,,1.0,212367.8,0.0,0.2,,,,,0.0,,55.6,,1.0,3.6,,,0.26208400000000004,0.5673999999999999,0.7342000000000001,3.6580000000000004e-06,0.31268,-5.4164,0.055319999999999994,123.0442,0.49479999999999996,E,5,2013.0
5,,,,,,,,,,,14.333333333333334,,,,,1.1111111111111112,258953.55555555556,0.0,0.2222222222222222,,,,,0.0,,77.11111111111111,,1.0,5.777777777777778,,,0.13991111111111112,0.6601111111111111,0.6856666666666666,7.222222222222222e-05,0.1559666666666667,-5.665222222222223,0.052477777777777776,112.809,0.6163333333333334,F,9,2013.0
6,,,,,,,,,,,11.916666666666666,,,,,1.0,231551.58333333334,0.0,0.25,,,,,0.0,,50.583333333333336,,1.0,6.0,,,0.11234749999999999,0.7009166666666667,0.6313333333333333,0.000814355,0.18414166666666665,-6.281333333333333,0.10778333333333333,113.18808333333334,0.5180833333333333,F#/Gb,12,2013.0
7,,,,,,,,,,,14.916666666666666,,,,,1.0,226410.58333333334,0.0,0.0,,,,,0.0,,61.083333333333336,,1.0,3.4166666666666665,,,0.05681083333333333,0.639,0.6909166666666667,0.00012843833333333333,0.18940833333333332,-5.493416666666666,0.06089166666666668,113.67291666666665,0.5060833333333333,G,12,2013.0
8,,,,,,,,,,,14.125,,,,,1.0,217818.75,0.0,0.125,,,,,0.0,,61.125,,1.0,4.25,,,0.13387749999999998,0.585875,0.8140000000000001,9.677125e-05,0.15862500000000002,-4.14375,0.060637500000000004,135.57225,0.484875,G#/Ab,8,2013.0
9,,,,,,,,,,,13.75,,,,,1.0,225496.08333333334,0.0,0.25,,,,,0.0,,63.083333333333336,,1.0,4.583333333333333,,,0.14686166666666667,0.5941666666666666,0.7618333333333333,0.00011575166666666668,0.24001666666666666,-5.248166666666667,0.08558333333333334,128.98633333333336,0.5693333333333334,A,12,2013.0
10,,,,,,,,,,,22.8,,,,,1.0,236058.4,0.0,0.0,,,,,0.0,,40.8,,1.0,6.6,,,0.09026,0.5768000000000001,0.743,0.0037322,0.08784,-5.1208,0.04752,126.2316,0.4598,A#/Bb,5,2013.0
11,,,,,,,,,,,17.25,,,,,1.0,253094.75,0.0,0.5,,,,,0.0,,65.5,,1.0,5.25,,,0.0305755,0.6475,0.749,2.1825e-06,0.1864,-4.852,0.08954999999999999,112.7425,0.45,B,4,2013.0
0,,,,,,,,,,,9.333333333333334,,,,,1.0,246124.88888888888,0.0,0.1111111111111111,,,,,0.0,,62.0,,1.0,4.0,,,0.303578,0.5778888888888889,0.6601111111111111,0.0006490277777777779,0.19273333333333334,-5.999111111111111,0.10035555555555556,114.85855555555554,0.5063333333333334,C,9,2014.0
1,,,,,,,,,,,15.066666666666666,,,,,1.0,223845.26666666666,0.0,0.13333333333333333,,,,,0.0,,55.53333333333333,,1.0,3.6666666666666665,,,0.1367846666666667,0.6298666666666666,0.7026000000000001,1.0935333333333334e-05,0.15801333333333334,-5.465933333333334,0.06385999999999999,114.2448,0.6052666666666665,C#/Db,15,2014.0
2,,,,,,,,,,,12.142857142857142,,,,,1.0,229117.7142857143,0.0,0.14285714285714285,,,,,0.0,,65.14285714285714,,1.0,9.285714285714286,,,0.2641657142857143,0.665,0.554142857142857,0.0004201128571428572,0.15529999999999997,-5.843285714285713,0.043957142857142854,107.4327142857143,0.3126428571428571,D,7,2014.0
3,,,,,,,,,,,14.333333333333334,,,,,1.0,222821.66666666666,0.0,0.0,,,,,0.0,,80.0,,1.0,2.6666666666666665,,,0.13906000000000002,0.5316666666666666,0.7526666666666667,8.333333333333333e-05,0.15403333333333333,-4.312666666666667,0.0398,126.00133333333333,0.45133333333333336,D#/Eb,3,2014.0
4,,,,,,,,,,,8.166666666666666,,,,,1.0,221043.83333333334,0.0,0.16666666666666666,,,,,0.0,,62.333333333333336,,1.0,2.5,,,0.21371416666666665,0.6073333333333334,0.7425,0.0072946666666666654,0.19881666666666664,-5.241499999999999,0.05198333333333333,127.63799999999999,0.45550000000000007,E,6,2014.0
5,,,,,,,,,,,10.363636363636363,,,,,1.0,224258.63636363635,0.0,0.09090909090909091,,,,,0.0,,60.0,,1.0,3.727272727272727,,,0.09864,0.6396363636363636,0.6796363636363636,0.0019207963636363632,0.15622727272727277,-5.59909090909091,0.07179999999999999,132.71354545454545,0.47190909090909083,F,11,2014.0
6,,,,,,,,,,,11.75,,,,,1.0,213570.25,0.0,0.25,,,,,0.0,,71.25,,1.0,5.5,,,0.052777500000000005,0.6605,0.6225,0.0004925,0.24649999999999997,-6.838500000000001,0.10099999999999999,114.29499999999999,0.4225,F#/Gb,4,2014.0
7,,,,,,,,,,,14.818181818181818,,,,,1.0,223079.72727272726,0.0,0.09090909090909091,,,,,0.0,,49.18181818181818,,1.0,4.2727272727272725,,,0.0958318181818182,0.6594545454545454,0.7350909090909091,0.0003617918181818182,0.14412727272727274,-5.685272727272727,0.08490909090909092,118.11172727272728,0.5652727272727273,G,11,2014.0
8,,,,,,,,,,,19.363636363636363,,,,,1.0,229367.9090909091,0.0,0.0,,,,,0.0,,73.27272727272727,,1.0,4.090909090909091,,,0.2899689090909091,0.6240000000000001,0.6696363636363637,0.06554827727272726,0.17123636363636363,-5.484454545454546,0.04634545454545455,126.08154545454545,0.5235454545454545,G#/Ab,11,2014.0
9,,,,,,,,,,,15.636363636363637,,,,,1.0,226580.81818181818,0.0,0.2727272727272727,,,,,0.0,,63.09090909090909,,1.0,5.2727272727272725,,,0.08477900000000002,0.675,0.7536363636363638,7.11e-06,0.16145454545454543,-5.227363636363637,0.0929272727272727,116.63581818181818,0.5599090909090909,A,11,2014.0
10,,,,,,,,,,,11.0,,,,,1.0,236697.4,0.0,0.6,,,,,0.0,,56.4,,1.0,2.2,,,0.0363938,0.735,0.7022,5.74e-07,0.15682000000000001,-5.298,0.04686,98.7388,0.5568000000000001,A#/Bb,5,2014.0
11,,,,,,,,,,,11.571428571428571,,,,,1.0,249602.7142857143,0.0,0.5714285714285714,,,,,0.0,,50.42857142857143,,1.0,7.714285714285714,,,0.15694285714285713,0.7478571428571428,0.6857142857142857,8.562999999999999e-05,0.1835571428571429,-5.3737142857142866,0.09005714285714286,123.14242857142857,0.554,B,7,2014.0
0,,,,,,,,,,,9.0,,,,,1.0,218438.0,0.0,0.18181818181818182,,,,,0.0,,62.27272727272727,,1.0,2.5454545454545454,,,0.07986836363636364,0.6707272727272726,0.6612727272727273,1.6190909090909094e-05,0.11814545454545454,-6.132272727272727,0.07005454545454545,114.08036363636364,0.47200000000000003,C,11,2015.0
1,,,,,,,,,,,11.8,,,,,1.0,215548.3,0.0,0.3,,,,,0.0,,76.7,,1.0,3.6,,,0.133679,0.6511,0.7525999999999999,0.000193194,0.22161,-5.260800000000001,0.06764,115.78630000000001,0.6187999999999999,C#/Db,10,2015.0
2,,,,,,,,,,,13.142857142857142,,,,,1.0,237162.0,0.0,0.0,,,,,0.0,,67.28571428571429,,1.0,6.714285714285714,,,0.32476857142857146,0.7007142857142856,0.58,2.773e-05,0.14127142857142858,-5.924142857142857,0.04755714285714286,131.795,0.49699999999999994,D,7,2015.0
3,,,,,,,,,,,13.0,,,,,1.0,248322.5,0.0,0.5,,,,,0.0,,37.5,,1.0,2.5,,,0.15244,0.4855,0.6719999999999999,6.95e-05,0.09095,-6.093500000000001,0.0583,137.264,0.304,D#/Eb,2,2015.0
4,,,,,,,,,,,12.75,,,,,1.0,226523.91666666666,0.0,0.16666666666666666,,,,,0.0,,56.25,,1.0,3.8333333333333335,,,0.24165749999999997,0.6164999999999999,0.6703333333333333,5.809166666666668e-06,0.17280000000000004,-5.904833333333333,0.10005833333333332,124.91733333333333,0.43566666666666665,E,12,2015.0
5,,,,,,,,,,,9.76923076923077,,,,,1.0,217850.15384615384,0.0,0.15384615384615385,,,,,0.0,,41.30769230769231,,1.0,2.230769230769231,,,0.17408,0.6362307692307693,0.6729999999999999,0.00013465153846153847,0.18555384615384612,-6.084846153846154,0.0742,116.02584615384616,0.4890769230769231,F,13,2015.0
6,,,,,,,,,,,8.666666666666666,,,,,1.0,220347.5,0.0,0.3333333333333333,,,,,0.0,,51.0,,1.0,2.5,,,0.083495,0.5658333333333333,0.7283333333333334,0.00026718,0.17111666666666667,-5.453833333333333,0.08528333333333332,119.72933333333333,0.6201666666666666,F#/Gb,6,2015.0
7,,,,,,,,,,,9.071428571428571,,,,,1.0,202771.07142857142,0.0,0.21428571428571427,,,,,0.0,,56.714285714285715,,1.0,3.5,,,0.13957642857142857,0.6555,0.7290714285714285,0.0003851378571428571,0.20418571428571428,-5.089500000000001,0.08528571428571428,122.68178571428574,0.5681428571428572,G,14,2015.0
8,,,,,,,,,,,11.0,,,,,1.0,214615.0,0.0,0.16666666666666666,,,,,0.0,,65.0,,1.0,4.5,,,0.12241666666666667,0.643,0.66,0.0009347816666666666,0.1444,-6.3355,0.07066666666666667,131.81033333333332,0.4691666666666667,G#/Ab,6,2015.0
9,,,,,,,,,,,11.0,,,,,1.1,212259.1,0.0,0.0,,,,,0.0,,54.3,,1.0,5.6,,,0.144961,0.6957000000000001,0.7511,0.00021411099999999998,0.20193,-4.9322,0.0804,114.2877,0.5569000000000002,A,10,2015.0
10,,,,,,,,,,,10.0,,,,,1.0,224670.33333333334,0.0,0.3333333333333333,,,,,0.0,,73.66666666666667,,1.0,1.6666666666666667,,,0.14888333333333334,0.7263333333333333,0.6803333333333333,1.991e-05,0.1234,-6.215333333333334,0.05503333333333333,99.16166666666668,0.4606666666666667,A#/Bb,3,2015.0
11,,,,,,,,,,,5.833333333333333,,,,,1.0,215243.16666666666,0.0,0.0,,,,,0.0,,74.33333333333333,,1.0,2.5,,,0.06883666666666667,0.663,0.7171666666666666,0.001130315,0.22316666666666665,-5.554666666666667,0.07748333333333333,136.158,0.37366666666666665,B,6,2015.0
0,,,,,,,,,,,10.533333333333333,,,,,1.0,233054.4,0.0,0.4,,,,,0.0,,61.4,,1.0,4.066666666666666,,,0.13288733333333333,0.6034666666666666,0.7016666666666667,0.0010356366666666667,0.17713333333333334,-5.388600000000001,0.10272666666666667,114.66033333333333,0.48633333333333334,C,15,2016.0
1,,,,,,,,,,,11.222222222222221,,,,,1.0,203567.66666666666,0.0,0.0,,,,,0.0,,56.888888888888886,,1.0,3.4444444444444446,,,0.19047333333333333,0.7128888888888889,0.6901111111111111,0.0002001788888888889,0.2574,-6.070555555555555,0.09563333333333333,106.77155555555555,0.5934444444444446,C#/Db,9,2016.0
2,,,,,,,,,,,12.2,,,,,1.0,234956.4,0.0,0.2,,,,,0.0,,50.0,,1.0,7.0,,,0.106864,0.7323999999999999,0.6853999999999999,0.003124688,0.15728,-6.313400000000001,0.09142,140.2446,0.41800000000000004,D,5,2016.0
3,,,,,,,,,,,14.666666666666666,,,,,1.0,247126.0,0.0,0.3333333333333333,,,,,0.0,,42.333333333333336,,1.0,4.0,,,0.12903333333333333,0.49666666666666665,0.6646666666666667,1.09e-06,0.07166666666666667,-5.665,0.0573,109.94866666666667,0.35533333333333333,D#/Eb,3,2016.0
4,,,,,,,,,,,7.125,,,,,1.0,209325.25,0.0,0.25,,,,,0.0,,60.0,,1.0,2.5,,,0.217725,0.697,0.626625,0.00048320000000000004,0.18878750000000002,-6.311,0.1128625,116.65187499999999,0.52325,E,8,2016.0
5,,,,,,,,,,,11.285714285714286,,,,,1.0,217959.0,0.0,0.14285714285714285,,,,,0.0,,31.0,,1.0,2.4285714285714284,,,0.24867142857142857,0.6914285714285714,0.5577142857142857,0.00023266714285714285,0.13574285714285717,-6.233428571428573,0.0934142857142857,119.57014285714284,0.509,F,7,2016.0
6,,,,,,,,,,,7.7,,,,,1.0,219878.2,0.0,0.3,,,,,0.0,,50.7,,1.0,2.6,,,0.14506500000000003,0.5892,0.6446,0.000762509,0.16875,-6.9211,0.14877,127.56940000000002,0.5089999999999999,F#/Gb,10,2016.0
7,,,,,,,,,,,8.8,,,,,1.0,223681.1,0.0,0.3,,,,,0.0,,37.6,,1.0,4.1,,,0.17793,0.6892,0.5772499999999999,6.071e-06,0.13549,-6.7613,0.09098999999999999,126.495,0.5066999999999999,G,10,2016.0
8,,,,,,,,,,,7.166666666666667,,,,,1.0,220820.0,0.0,0.16666666666666666,,,,,0.0,,60.0,,1.0,4.166666666666667,,,0.3114166666666666,0.6301666666666667,0.5933333333333334,0.0004217066666666667,0.12423333333333332,-5.885833333333333,0.09841666666666667,113.2735,0.47383333333333333,G#/Ab,6,2016.0
9,,,,,,,,,,,7.181818181818182,,,,,1.0,214808.36363636365,0.0,0.09090909090909091,,,,,0.0,,42.09090909090909,,1.0,3.4545454545454546,,,0.26798181818181815,0.6128181818181818,0.7211818181818181,0.010904114545454544,0.17921818181818183,-5.382454545454546,0.0689,114.39,0.473909090909091,A,11,2016.0
10,,,,,,,,,,,14.5,,,,,1.0,229315.0,0.0,0.5,,,,,0.0,,77.25,,1.0,7.5,,,0.124975,0.59375,0.6315,4.2e-07,0.24125,-6.48325,0.25660000000000005,109.95175,0.418,A#/Bb,4,2016.0
11,,,,,,,,,,,12.833333333333334,,,,,1.0,213671.75,0.0,0.4166666666666667,,,,,0.0,,62.25,,1.0,7.666666666666667,,,0.10455416666666667,0.6651666666666667,0.6525833333333334,0.0004249591666666667,0.11931666666666668,-5.696000000000001,0.08570000000000001,110.40033333333332,0.4105833333333333,B,12,2016.0
0,,,,,,,,,,,11.0,,,,,1.0,218282.75,0.0,0.08333333333333333,,,,,0.0,,55.333333333333336,,1.0,6.083333333333333,,,0.1514275,0.6408333333333333,0.6341666666666667,0.017556899999999997,0.13595000000000004,-6.100750000000001,0.0775,116.8845,0.4700166666666667,C,12,2017.0
1,,,,,,,,,,,7.428571428571429,,,,,1.0,213862.64285714287,0.0,0.14285714285714285,,,,,0.0,,64.21428571428571,,1.0,2.642857142857143,,,0.13934428571428573,0.6937857142857142,0.6624285714285714,0.0003150435714285715,0.18810714285714283,-5.302571428571428,0.12182857142857142,115.89885714285717,0.5383571428571429,C#/Db,14,2017.0
2,,,,,,,,,,,9.461538461538462,,,,,1.0,221928.15384615384,0.0,0.15384615384615385,,,,,0.0,,51.07692307692308,,1.0,3.6153846153846154,,,0.13615615384615382,0.6329230769230769,0.7246153846153847,2.1861538461538457e-06,0.11843076923076926,-5.598923076923076,0.09185384615384615,132.72269230769228,0.42292307692307696,D,13,2017.0
3,,,,,,,,,,,1.0,,,,,1.0,211475.0,0.0,0.0,,,,,0.0,,3.0,,1.0,1.0,,,0.0969,0.774,0.626,3.12e-05,0.0848,-4.432,0.0432,100.041,0.777,D#/Eb,1,2017.0
4,,,,,,,,,,,14.0,,,,,1.0,199207.66666666666,0.0,0.0,,,,,0.0,,20.0,,1.0,2.3333333333333335,,,0.13433333333333333,0.6273333333333333,0.8216666666666667,0.0,0.1194,-3.6796666666666664,0.0813,116.06466666666667,0.49300000000000005,E,3,2017.0
5,,,,,,,,,,,8.8,,,,,1.0,224296.3,0.0,0.2,,,,,0.0,,37.1,,1.0,2.4,,,0.21523999999999996,0.6536,0.5839,1.16e-05,0.14529,-5.801399999999999,0.05584,113.28709999999998,0.40180000000000005,F,10,2017.0
6,,,,,,,,,,,10.625,,,,,1.0,212702.375,0.0,0.375,,,,,0.0,,48.625,,1.0,4.875,,,0.091585,0.696625,0.733125,0.00126263875,0.1750625,-4.50375,0.0752,122.18424999999999,0.530875,F#/Gb,8,2017.0
7,,,,,,,,,,,10.6,,,,,1.0,226082.4,0.0,0.6,,,,,0.0,,70.0,,1.0,4.6,,,0.23207999999999998,0.7321,0.6375,0.013443435,0.13562000000000002,-5.8054,0.10390999999999999,111.70880000000002,0.5053,G,10,2017.0
8,,,,,,,,,,,6.444444444444445,,,,,1.0,209490.55555555556,0.0,0.1111111111111111,,,,,0.0,,58.44444444444444,,1.0,2.0,,,0.14814555555555556,0.6516666666666667,0.6304444444444444,3.516666666666667e-06,0.1585888888888889,-5.784000000000001,0.048222222222222215,116.97655555555555,0.4685555555555556,G#/Ab,9,2017.0
9,,,,,,,,,,,10.285714285714286,,,,,1.0,208570.2857142857,0.0,0.14285714285714285,,,,,0.0,,52.714285714285715,,1.0,5.714285714285714,,,0.14413,0.6628571428571429,0.7015714285714285,1.9028571428571427e-05,0.13452857142857141,-6.000285714285714,0.1291,118.3635714285714,0.5289999999999999,A,7,2017.0
10,,,,,,,,,,,9.166666666666666,,,,,1.0,209799.5,0.0,0.0,,,,,0.0,,53.166666666666664,,1.0,2.3333333333333335,,,0.23784999999999998,0.5931666666666667,0.6443333333333334,0.0,0.11153333333333333,-5.575166666666667,0.11721666666666668,102.35066666666667,0.5708333333333334,A#/Bb,6,2017.0
11,,,,,,,,,,,9.857142857142858,,,,,1.0,208368.0,0.0,0.2857142857142857,,,,,0.0,,58.285714285714285,,1.0,2.5714285714285716,,,0.04984285714285713,0.6210000000000001,0.6702857142857143,4.152857142857143e-06,0.13160000000000002,-5.261571428571428,0.07999999999999999,123.77814285714285,0.5043857142857143,B,7,2017.0
0,,,,,,,,,,,9.0,,,,,1.0,215238.77777777778,0.0,0.3333333333333333,,,,,0.0,,74.22222222222223,,1.0,6.555555555555555,,,0.15638888888888886,0.6947777777777779,0.7123333333333333,0.029071626666666666,0.11343333333333334,-5.602111111111111,0.09129999999999999,121.57811111111111,0.46199999999999997,C,9,2018.0
1,,,,,,,,,,,12.666666666666666,,,,,1.0833333333333333,203868.58333333334,0.0,0.3333333333333333,,,,,0.0,,68.66666666666667,,1.0,5.25,,,0.1354545,0.7159166666666668,0.6767500000000001,4.9657500000000004e-05,0.1828,-4.964916666666666,0.09428333333333333,117.53775,0.5127499999999999,C#/Db,12,2018.0
2,,,,,,,,,,,16.571428571428573,,,,,1.0,250999.14285714287,0.0,0.5714285714285714,,,,,0.0,,72.28571428571429,,1.0,6.714285714285714,,,0.06489,0.6749999999999999,0.6532857142857144,2.4985714285714285e-05,0.16877142857142857,-5.430571428571428,0.11370000000000001,126.01314285714287,0.23657142857142857,D,7,2018.0
3,,,,,,,,,,,7.0,,,,,1.0,201254.33333333334,0.0,0.3333333333333333,,,,,0.0,,73.33333333333333,,1.0,1.6666666666666667,,,0.15241000000000002,0.5873333333333334,0.8113333333333334,0.0,0.08743333333333332,-3.9386666666666668,0.11843333333333333,136.61666666666667,0.589,D#/Eb,3,2018.0
4,,,,,,,,,,,6.6,,,,,1.0,184222.0,0.0,0.6,,,,,0.0,,79.4,,1.0,5.2,,,0.40962,0.5820000000000001,0.6012000000000001,0.001974486,0.22519999999999998,-5.877,0.06586,123.626,0.3306,E,5,2018.0
5,,,,,,,,,,,10.75,,,,,1.0,205447.66666666666,0.0,0.3333333333333333,,,,,0.0,,77.33333333333333,,1.0,3.0,,,0.22687500000000002,0.7211666666666666,0.6345833333333333,7.371666666666666e-06,0.15615833333333334,-5.835416666666666,0.11274999999999998,122.87691666666666,0.56425,F,12,2018.0
6,,,,,,,,,,,10.833333333333334,,,,,1.0,202810.16666666666,0.0,0.3333333333333333,,,,,0.0,,74.16666666666667,,1.0,2.6666666666666665,,,0.21943333333333334,0.6758333333333333,0.6295000000000001,2.1e-07,0.14400000000000002,-6.4495000000000005,0.18336666666666668,113.92883333333334,0.4335,F#/Gb,6,2018.0
7,,,,,,,,,,,6.857142857142857,,,,,1.0,194392.0,0.0,0.2857142857142857,,,,,0.0,,77.14285714285714,,1.0,2.142857142857143,,,0.058814285714285715,0.6677142857142858,0.649,0.025868985714285715,0.26962857142857144,-6.2518571428571414,0.13301428571428572,111.65185714285715,0.3868571428571429,G,7,2018.0
8,,,,,,,,,,,11.928571428571429,,,,,1.0714285714285714,214094.85714285713,0.0,0.5714285714285714,,,,,0.0,,75.07142857142857,,1.0,3.0714285714285716,,,0.21813071428571432,0.7154285714285713,0.6895,0.00028817285714285713,0.11329999999999998,-5.276428571428572,0.13565,107.89635714285714,0.5897857142857142,G#/Ab,14,2018.0
9,,,,,,,,,,,11.75,,,,,1.0,196285.625,0.0,0.375,,,,,0.0,,81.0,,1.0,4.25,,,0.21757625,0.772625,0.628625,0.0005613575,0.1334375,-6.11925,0.1121,109.02125,0.4501125,A,8,2018.0
10,,,,,,,,,,,6.777777777777778,,,,,1.0,204782.88888888888,0.0,0.2222222222222222,,,,,0.0,,70.33333333333333,,1.0,3.4444444444444446,,,0.17712222222222224,0.7302222222222223,0.6662222222222222,2.6444444444444447e-07,0.1022111111111111,-6.245555555555556,0.0957777777777778,116.79733333333336,0.5378888888888889,A#/Bb,9,2018.0
11,,,,,,,,,,,9.0,,,,,1.0,209437.75,0.0,0.25,,,,,0.0,,76.5,,1.0,4.75,,,0.258804875,0.624,0.6315,0.006820825,0.159525,-6.325374999999999,0.066725,108.80625,0.44637499999999997,B,8,2018.0
0,,,,,,,,,,,10.0,,,,,1.0,200252.44444444444,0.0,0.2222222222222222,,,,,0.0,,65.0,,1.0,4.666666666666667,,,0.19093888888888888,0.713,0.6801111111111111,0.04371577333333334,0.14257777777777778,-5.267666666666667,0.1061888888888889,129.72444444444443,0.4811111111111111,C,9,2019.0
1,,,,,,,,,,,6.5,,,,,1.0,183561.85714285713,0.0,0.35714285714285715,,,,,0.0,,71.35714285714286,,1.0,3.5714285714285716,,,0.24772857142857144,0.6671428571428571,0.6005,1.7564285714285714e-06,0.11267142857142856,-5.859,0.11590000000000002,126.91357142857143,0.5077142857142858,C#/Db,14,2019.0
2,,,,,,,,,,,11.428571428571429,,,,,1.0,182480.14285714287,0.0,0.42857142857142855,,,,,0.0,,68.14285714285714,,1.0,6.0,,,0.2580381428571429,0.7425714285714285,0.7195714285714285,0.0003924285714285714,0.1342,-5.992857142857142,0.10714285714285714,113.83528571428572,0.6305714285714286,D,7,2019.0
3,,,,,,,,,,,20.0,,,,,1.0,179449.0,0.0,1.0,,,,,0.0,,75.0,,1.0,11.0,,,0.407,0.791,0.587,0.0,0.148,-5.075,0.0413,96.057,0.536,D#/Eb,1,2019.0
4,,,,,,,,,,,6.333333333333333,,,,,1.0,196004.44444444444,0.0,0.2222222222222222,,,,,0.0,,70.22222222222223,,1.0,3.111111111111111,,,0.4751777777777778,0.6,0.5047777777777778,4.545555555555555e-06,0.20195555555555555,-6.946111111111112,0.07254444444444445,114.184,0.4000666666666666,E,9,2019.0
5,,,,,,,,,,,5.428571428571429,,,,,1.0,176210.2857142857,0.0,0.14285714285714285,,,,,0.0,,62.07142857142857,,1.0,2.642857142857143,,,0.20181428571428572,0.6723571428571429,0.6901428571428572,2.0214285714285713e-07,0.14638571428571429,-5.032785714285715,0.08159285714285715,128.20135714285715,0.4952857142857142,F,14,2019.0
6,,,,,,,,,,,4.75,,,,,1.0,200647.25,0.0,0.25,,,,,0.0,,68.25,,1.0,1.75,,,0.25253749999999997,0.78075,0.5903750000000001,7.613875000000001e-05,0.15225,-6.535,0.1419625,116.26675,0.53325,F#/Gb,8,2019.0
7,,,,,,,,,,,10.88888888888889,,,,,1.0,199029.0,0.0,0.1111111111111111,,,,,0.0,,79.77777777777777,,1.0,3.0,,,0.19810777777777777,0.6721111111111111,0.612,0.01448560666666667,0.14444444444444446,-6.159333333333333,0.1376777777777778,119.52477777777777,0.5365555555555556,G,9,2019.0
8,,,,,,,,,,,6.4,,,,,1.0,210505.2,0.0,0.4,,,,,0.0,,75.6,,1.0,3.0,,,0.15772700000000003,0.7806,0.7338,8.164399999999999e-05,0.16305999999999998,-5.1766,0.13796999999999998,119.1045,0.4816999999999999,G#/Ab,10,2019.0
9,,,,,,,,,,,14.571428571428571,,,,,1.0,183525.57142857142,0.0,0.2857142857142857,,,,,0.0,,75.85714285714286,,1.0,4.571428571428571,,,0.17251428571428576,0.6535714285714286,0.6592857142857144,3.372857142857143e-06,0.1040857142857143,-5.349142857142858,0.1819285714285714,108.78999999999999,0.4625714285714286,A,7,2019.0
10,,,,,,,,,,,5.25,,,,,1.0,184494.5,0.0,0.5,,,,,0.0,,80.0,,1.0,3.0,,,0.16085,0.60275,0.68675,4e-05,0.11975000000000001,-5.24625,0.1391,137.3015,0.526,A#/Bb,4,2019.0
11,,,,,,,,,,,10.25,,,,,1.0,183127.5,0.0,0.25,,,,,0.0,,67.75,,1.0,5.5,,,0.141575,0.734375,0.6885,0.0003527225,0.15305000000000002,-6.37125,0.1134125,110.002375,0.536625,B,8,2019.0
0,,,,,,,,,,,8.0,,,,,1.0,187838.92307692306,0.0,0.6153846153846154,,,,,0.0,,72.38461538461539,,1.0,1.9230769230769231,,,0.23176923076923076,0.7110000000000001,0.6444615384615384,0.00026762999999999993,0.17733076923076926,-6.508769230769231,0.1028,122.55815384615386,0.5443846153846155,C,13,2020.0
1,,,,,,,,,,,5.75,,,,,1.0,217147.375,0.0,0.375,,,,,0.0,,70.375,,1.0,3.75,,,0.39910875,0.6467499999999999,0.524625,0.01677914375,0.109525,-7.633125,0.13873749999999999,128.17849999999999,0.428,C#/Db,8,2020.0
2,,,,,,,,,,,9.75,,,,,1.0,214441.125,0.0,0.5,,,,,0.0,,78.25,,1.0,6.375,,,0.1677625,0.7357499999999999,0.6192500000000001,0.000148,0.093075,-5.403499999999999,0.1736375,112.996625,0.596875,D,8,2020.0
3,,,,,,,,,,,8.0,,,,,1.0,192219.5,0.0,0.0,,,,,0.0,,82.0,,1.0,7.0,,,0.30715,0.62,0.6225,0.0,0.0823,-4.385,0.05125,119.93549999999999,0.389,D#/Eb,2,2020.0
4,,,,,,,,,,,1.0,,,,,1.0,198443.0,0.0,0.2,,,,,0.0,,80.0,,1.0,1.0,,,0.272382,0.6926,0.6244,0.000634718,0.16194000000000003,-7.0872,0.05466,110.2166,0.28106,E,5,2020.0
5,,,,,,,,,,,6.875,,,,,1.0,181511.625,0.0,0.5,,,,,0.0,,68.5,,1.0,4.5,,,0.22142125,0.699,0.58175,1.44625e-05,0.17145,-6.140499999999999,0.0897875,131.00887500000002,0.47625,F,8,2020.0
6,,,,,,,,,,,5.6923076923076925,,,,,1.0,199316.38461538462,0.0,0.23076923076923078,,,,,0.0,,73.15384615384616,,1.0,2.3076923076923075,,,0.23566769230769233,0.6661538461538462,0.6190769230769231,0.050621200000000005,0.1483307692307692,-7.136384615384615,0.1503307692307692,124.6463076923077,0.5016923076923077,F#/Gb,13,2020.0
7,,,,,,,,,,,9.5,,,,,1.0,198141.875,0.0,0.75,,,,,0.0,,72.625,,1.0,5.75,,,0.15171875,0.745125,0.6251249999999999,0.016295016250000002,0.14845,-5.8,0.08803749999999999,113.69862499999999,0.5943125,G,8,2020.0
8,,,,,,,,,,,2.375,,,,,1.0,189959.0,0.0,0.125,,,,,0.0,,74.75,,1.0,1.25,,,0.2725075,0.6783750000000001,0.636375,0.01709355,0.2837375,-6.076875,0.08555,126.43787499999999,0.6000624999999999,G#/Ab,8,2020.0
9,,,,,,,,,,,8.0,,,,,1.0,193332.7,0.0,0.1,,,,,0.0,,66.9,,1.0,4.5,,,0.111455,0.7349000000000001,0.6915000000000001,0.000262533,0.21512000000000003,-5.6176,0.09567,128.5865,0.5749399999999999,A,10,2020.0
10,,,,,,,,,,,14.25,,,,,1.0,195636.125,0.0,0.875,,,,,0.0,,72.125,,1.0,6.5,,,0.202375,0.751375,0.6375,0.00013644875000000002,0.3091875,-6.631874999999999,0.1947,122.545625,0.5625,A#/Bb,8,2020.0
11,,,,,,,,,,,3.5555555555555554,,,,,1.0,189034.11111111112,0.0,0.4444444444444444,,,,,0.0,,68.66666666666667,,1.0,2.111111111111111,,,0.29373333333333335,0.7796666666666667,0.5926666666666667,0.014657494444444443,0.13024444444444447,-6.213111111111111,0.11247777777777777,108.53811111111112,0.5391888888888889,B,9,2020.0
